Entity,Code,Year,"Share of the population using at least basic sanitation services, improved sanitation facilities which are not shared"
Afghanistan,AFG,2000,20.970919
Afghanistan,AFG,2001,20.98235
Afghanistan,AFG,2002,22.541338
Afghanistan,AFG,2003,24.100332
Afghanistan,AFG,2004,25.66624
Afghanistan,AFG,2005,27.23919
Afghanistan,AFG,2006,28.812265
Afghanistan,AFG,2007,30.466534
Afghanistan,AFG,2008,32.128704
Afghanistan,AFG,2009,33.798958
Afghanistan,AFG,2010,35.47747
Afghanistan,AFG,2011,37.164574
Afghanistan,AFG,2012,38.860306
Afghanistan,AFG,2013,40.564854
Afghanistan,AFG,2014,42.278404
Afghanistan,AFG,2015,44.00131
Afghanistan,AFG,2016,45.7336
Afghanistan,AFG,2017,47.477615
Afghanistan,AFG,2018,49.234146
Afghanistan,AFG,2019,51.003483
Afghanistan,AFG,2020,52.649002
Afghanistan,AFG,2021,54.29859
Afghanistan,AFG,2022,55.951942
Africa (WHO),,2000,25.155624
Africa (WHO),,2001,25.434338
Africa (WHO),,2002,25.871021
Africa (WHO),,2003,26.31865
Africa (WHO),,2004,26.777058
Africa (WHO),,2005,27.27337
Africa (WHO),,2006,27.778938
Africa (WHO),,2007,28.297802
Africa (WHO),,2008,28.833256
Africa (WHO),,2009,29.383242
Africa (WHO),,2010,29.940905
Africa (WHO),,2011,30.232368
Africa (WHO),,2012,30.792067
Africa (WHO),,2013,31.362661
Africa (WHO),,2014,31.951532
Africa (WHO),,2015,32.55773
Africa (WHO),,2016,33.140404
Africa (WHO),,2017,33.76324
Africa (WHO),,2018,34.227146
Africa (WHO),,2019,34.807064
Africa (WHO),,2020,35.364025
Africa (WHO),,2021,35.877228
Africa (WHO),,2022,36.397057
Albania,ALB,2000,89.48867
Albania,ALB,2001,90.03095
Albania,ALB,2002,90.605515
Albania,ALB,2003,91.16546
Albania,ALB,2004,91.71065
Albania,ALB,2005,92.322975
Albania,ALB,2006,92.92141
Albania,ALB,2007,93.505745
Albania,ALB,2008,94.07581
Albania,ALB,2009,94.63115
Albania,ALB,2010,95.172165
Albania,ALB,2011,95.698494
Albania,ALB,2012,96.21027
Albania,ALB,2013,96.706566
Albania,ALB,2014,97.18802
Albania,ALB,2015,97.65496
Albania,ALB,2016,98.1079
Albania,ALB,2017,98.547295
Albania,ALB,2018,98.97365
Albania,ALB,2019,99.18307
Albania,ALB,2020,99.29879
Albania,ALB,2021,99.299034
Albania,ALB,2022,99.29926
Algeria,DZA,2000,84.48083
Algeria,DZA,2001,84.759926
Algeria,DZA,2002,85.03281
Algeria,DZA,2003,85.299164
Algeria,DZA,2004,85.559074
Algeria,DZA,2005,85.81226
Algeria,DZA,2006,86.05913
Algeria,DZA,2007,86.29944
Algeria,DZA,2008,86.53357
Algeria,DZA,2009,86.75948
Algeria,DZA,2010,86.978134
Algeria,DZA,2011,87.18924
Algeria,DZA,2012,87.09354
Algeria,DZA,2013,86.98688
Algeria,DZA,2014,86.86984
Algeria,DZA,2015,86.74252
Algeria,DZA,2016,86.605484
Algeria,DZA,2017,86.458824
Algeria,DZA,2018,86.30309
Algeria,DZA,2019,86.138504
Algeria,DZA,2020,85.96547
Algeria,DZA,2021,85.7843
Algeria,DZA,2022,85.82629
American Samoa,ASM,2000,64.60221
American Samoa,ASM,2001,64.594
American Samoa,ASM,2002,64.58579
American Samoa,ASM,2003,64.57758
American Samoa,ASM,2004,64.569374
American Samoa,ASM,2005,64.56116
American Samoa,ASM,2006,64.55295
American Samoa,ASM,2007,64.54474
American Samoa,ASM,2008,64.53653
American Samoa,ASM,2009,63.384617
American Samoa,ASM,2010,62.232998
American Samoa,ASM,2011,61.081665
American Samoa,ASM,2012,59.93063
American Samoa,ASM,2013,58.77988
American Samoa,ASM,2014,57.629425
American Samoa,ASM,2015,56.47926
American Samoa,ASM,2016,55.329388
American Samoa,ASM,2017,54.179802
American Samoa,ASM,2018,54.1729
American Samoa,ASM,2019,54.166
American Samoa,ASM,2020,54.1591
American Samoa,ASM,2021,54.1522
American Samoa,ASM,2022,54.145298
Americas (WHO),,2000,84.11846
Americas (WHO),,2001,84.565216
Americas (WHO),,2002,85.00602
Americas (WHO),,2003,85.44608
Americas (WHO),,2004,85.8866
Americas (WHO),,2005,86.335815
Americas (WHO),,2006,86.785034
Americas (WHO),,2007,87.23781
Americas (WHO),,2008,87.688866
Americas (WHO),,2009,88.13931
Americas (WHO),,2010,88.58642
Americas (WHO),,2011,89.024155
Americas (WHO),,2012,89.45887
Americas (WHO),,2013,89.8895
Americas (WHO),,2014,90.3176
Americas (WHO),,2015,90.742805
Americas (WHO),,2016,91.16525
Americas (WHO),,2017,91.241684
Americas (WHO),,2018,91.64992
Americas (WHO),,2019,92.0601
Americas (WHO),,2020,92.43747
Americas (WHO),,2021,92.912834
Americas (WHO),,2022,93.152725
Andorra,AND,2000,100
Andorra,AND,2001,100
Andorra,AND,2002,100
Andorra,AND,2003,100
Andorra,AND,2004,100
Andorra,AND,2005,100
Andorra,AND,2006,100
Andorra,AND,2007,100
Andorra,AND,2008,100
Andorra,AND,2009,100
Andorra,AND,2010,100
Andorra,AND,2011,100
Andorra,AND,2012,100
Andorra,AND,2013,100
Andorra,AND,2014,100
Andorra,AND,2015,100
Andorra,AND,2016,99.99999
Andorra,AND,2017,100
Andorra,AND,2018,99.99999
Andorra,AND,2019,100
Andorra,AND,2020,100
Andorra,AND,2021,100
Andorra,AND,2022,100
Angola,AGO,2000,27.557524
Angola,AGO,2001,28.989223
Angola,AGO,2002,30.422468
Angola,AGO,2003,31.85606
Angola,AGO,2004,33.29039
Angola,AGO,2005,34.722637
Angola,AGO,2006,35.991283
Angola,AGO,2007,37.259304
Angola,AGO,2008,38.52751
Angola,AGO,2009,39.79427
Angola,AGO,2010,41.06079
Angola,AGO,2011,42.326664
Angola,AGO,2012,43.591473
Angola,AGO,2013,44.854794
Angola,AGO,2014,46.11703
Angola,AGO,2015,47.37448
Angola,AGO,2016,48.62794
Angola,AGO,2017,49.876984
Angola,AGO,2018,51.120743
Angola,AGO,2019,51.393623
Angola,AGO,2020,51.660328
Angola,AGO,2021,51.921684
Angola,AGO,2022,52.177277
Anguilla,AIA,2000,90.736465
Anguilla,AIA,2001,91.195366
Anguilla,AIA,2002,91.65427
Anguilla,AIA,2003,92.11317
Anguilla,AIA,2004,92.57207
Anguilla,AIA,2005,93.03097
Anguilla,AIA,2006,93.48987
Anguilla,AIA,2007,93.94876
Anguilla,AIA,2008,94.40766
Anguilla,AIA,2009,94.86656
Anguilla,AIA,2010,95.32546
Anguilla,AIA,2011,95.78436
Anguilla,AIA,2012,96.24326
Anguilla,AIA,2013,96.70216
Anguilla,AIA,2014,96.70216
Anguilla,AIA,2015,96.70216
Anguilla,AIA,2016,96.70216
Anguilla,AIA,2017,96.70216
Antigua and Barbuda,ATG,2009,97.338264
Antigua and Barbuda,ATG,2010,97.35362
Antigua and Barbuda,ATG,2011,97.36778
Antigua and Barbuda,ATG,2012,97.372475
Antigua and Barbuda,ATG,2013,97.37714
Antigua and Barbuda,ATG,2014,97.38177
Antigua and Barbuda,ATG,2015,97.3864
Antigua and Barbuda,ATG,2016,97.39048
Antigua and Barbuda,ATG,2017,97.394
Antigua and Barbuda,ATG,2018,97.39702
Antigua and Barbuda,ATG,2019,97.39948
Antigua and Barbuda,ATG,2020,97.40141
Antigua and Barbuda,ATG,2021,97.40282
Antigua and Barbuda,ATG,2022,97.40372
Argentina,ARG,2000,87.66692
Argentina,ARG,2001,88.13594
Argentina,ARG,2002,88.60339
Argentina,ARG,2003,89.069565
Argentina,ARG,2004,89.535065
Argentina,ARG,2005,89.99973
Argentina,ARG,2006,90.46378
Argentina,ARG,2007,90.92704
Argentina,ARG,2008,91.38972
Argentina,ARG,2009,91.85163
Argentina,ARG,2010,92.31283
Argentina,ARG,2011,92.77075
Argentina,ARG,2012,93.2268
Argentina,ARG,2013,93.62312
Argentina,ARG,2014,94.021126
Argentina,ARG,2015,94.42041
Argentina,ARG,2016,94.82095
Armenia,ARM,2000,86.95989
Armenia,ARM,2001,87.32601
Armenia,ARM,2002,87.712555
Armenia,ARM,2003,88.10732
Armenia,ARM,2004,88.502686
Armenia,ARM,2005,88.8985
Armenia,ARM,2006,89.29507
Armenia,ARM,2007,89.69207
Armenia,ARM,2008,90.08983
Armenia,ARM,2009,90.48803
Armenia,ARM,2010,90.88682
Armenia,ARM,2011,91.2862
Armenia,ARM,2012,91.68617
Armenia,ARM,2013,92.090775
Armenia,ARM,2014,92.5001
Armenia,ARM,2015,92.9144
Armenia,ARM,2016,93.24654
Armenia,ARM,2017,93.46773
Armenia,ARM,2018,93.69326
Armenia,ARM,2019,93.85787
Armenia,ARM,2020,93.93674
Armenia,ARM,2021,93.956245
Armenia,ARM,2022,93.97971
Aruba,ABW,2000,97.97311
Aruba,ABW,2001,98.012505
Aruba,ABW,2002,98.05191
Aruba,ABW,2003,98.09132
Aruba,ABW,2004,98.13072
Aruba,ABW,2005,98.17013
Aruba,ABW,2006,98.20953
Aruba,ABW,2007,98.24893
Aruba,ABW,2008,98.28834
Aruba,ABW,2009,98.32774
Aruba,ABW,2010,98.36715
Aruba,ABW,2011,98.406555
Aruba,ABW,2012,98.44596
Aruba,ABW,2013,98.48536
Aruba,ABW,2014,98.524765
Aruba,ABW,2015,98.56417
Aruba,ABW,2016,98.60358
Aruba,ABW,2017,98.64298
Aruba,ABW,2018,98.68238
Aruba,ABW,2019,98.72179
Aruba,ABW,2020,98.76119
Aruba,ABW,2021,98.8006
Aruba,ABW,2022,98.840004
Australia,AUS,2000,99.99075
Australia,AUS,2001,99.99126
Australia,AUS,2002,99.99175
Australia,AUS,2003,99.99225
Australia,AUS,2004,99.99275
Australia,AUS,2005,99.99325
Australia,AUS,2006,99.993744
Australia,AUS,2007,99.99425
Australia,AUS,2008,99.99474
Australia,AUS,2009,99.99524
Australia,AUS,2010,99.99574
Australia,AUS,2011,99.99624
Australia,AUS,2012,99.996735
Australia,AUS,2013,99.99723
Australia,AUS,2014,99.997734
Australia,AUS,2015,99.99823
Australia,AUS,2016,99.998726
Australia,AUS,2017,99.99923
Australia,AUS,2018,99.999725
Australia,AUS,2019,100
Australia,AUS,2020,100
Australia,AUS,2021,100
Australia,AUS,2022,100
Australia and New Zealand (SDG),,2000,99.99232
Australia and New Zealand (SDG),,2001,99.99272
Australia and New Zealand (SDG),,2002,99.99314
Australia and New Zealand (SDG),,2003,99.99356
Australia and New Zealand (SDG),,2004,99.99398
Australia and New Zealand (SDG),,2005,99.99439
Australia and New Zealand (SDG),,2006,99.994804
Australia and New Zealand (SDG),,2007,99.99522
Australia and New Zealand (SDG),,2008,99.99562
Australia and New Zealand (SDG),,2009,99.99603
Australia and New Zealand (SDG),,2010,99.996445
Australia and New Zealand (SDG),,2011,99.99686
Australia and New Zealand (SDG),,2012,99.99727
Australia and New Zealand (SDG),,2013,99.99768
Australia and New Zealand (SDG),,2014,99.9981
Australia and New Zealand (SDG),,2015,99.99852
Australia and New Zealand (SDG),,2016,99.99893
Australia and New Zealand (SDG),,2017,99.99935
Australia and New Zealand (SDG),,2018,99.99977
Australia and New Zealand (SDG),,2019,100
Australia and New Zealand (SDG),,2020,100
Australia and New Zealand (SDG),,2021,100
Australia and New Zealand (SDG),,2022,100
Austria,AUT,2000,99.99998
Austria,AUT,2001,99.99999
Austria,AUT,2002,100
Austria,AUT,2003,99.998375
Austria,AUT,2004,99.99653
Austria,AUT,2005,99.994705
Austria,AUT,2006,99.9929
Austria,AUT,2007,99.991104
Austria,AUT,2008,99.98933
Austria,AUT,2009,99.98757
Austria,AUT,2010,99.98583
Austria,AUT,2011,99.98411
Austria,AUT,2012,99.98231
Austria,AUT,2013,99.98045
Austria,AUT,2014,99.978584
Austria,AUT,2015,99.97671
Austria,AUT,2016,99.974815
Austria,AUT,2017,99.97291
Austria,AUT,2018,99.97282
Austria,AUT,2019,99.97271
Austria,AUT,2020,99.9726
Austria,AUT,2021,99.97249
Austria,AUT,2022,99.97237
Azerbaijan,AZE,2000,62.276344
Azerbaijan,AZE,2001,64.17507
Azerbaijan,AZE,2002,66.06598
Azerbaijan,AZE,2003,67.94943
Azerbaijan,AZE,2004,69.825226
Azerbaijan,AZE,2005,72.27812
Azerbaijan,AZE,2006,74.74571
Azerbaijan,AZE,2007,77.22816
Azerbaijan,AZE,2008,79.725266
Azerbaijan,AZE,2009,82.23722
Azerbaijan,AZE,2010,84.76532
Azerbaijan,AZE,2011,87.30903
Azerbaijan,AZE,2012,89.86794
Azerbaijan,AZE,2013,92.441696
Azerbaijan,AZE,2014,94.34202
Azerbaijan,AZE,2015,96.11961
Azerbaijan,AZE,2016,96.12181
Azerbaijan,AZE,2017,96.124115
Azerbaijan,AZE,2018,96.12652
Azerbaijan,AZE,2019,96.12903
Bahamas,BHS,2000,87.60183
Bahamas,BHS,2001,88.11921
Bahamas,BHS,2002,88.637985
Bahamas,BHS,2003,89.15815
Bahamas,BHS,2004,89.67971
Bahamas,BHS,2005,90.20266
Bahamas,BHS,2006,90.727
Bahamas,BHS,2007,91.25273
Bahamas,BHS,2008,91.779854
Bahamas,BHS,2009,92.30837
Bahamas,BHS,2010,92.83828
Bahamas,BHS,2011,93.369576
Bahamas,BHS,2012,93.90227
Bahamas,BHS,2013,94.24504
Bahamas,BHS,2014,94.58781
Bahamas,BHS,2015,94.93058
Bahamas,BHS,2016,94.93058
Bahamas,BHS,2017,94.93058
Bahamas,BHS,2018,94.93058
Bahamas,BHS,2019,94.93058
Bahrain,BHR,2000,99.93385
Bahrain,BHR,2001,99.938736
Bahrain,BHR,2002,99.94362
Bahrain,BHR,2003,99.9485
Bahrain,BHR,2004,99.953384
Bahrain,BHR,2005,99.95827
Bahrain,BHR,2006,99.96316
Bahrain,BHR,2007,99.96804
Bahrain,BHR,2008,99.97292
Bahrain,BHR,2009,99.977806
Bahrain,BHR,2010,99.98269
Bahrain,BHR,2011,99.98758
Bahrain,BHR,2012,99.99246
Bahrain,BHR,2013,99.997345
Bahrain,BHR,2014,100
Bahrain,BHR,2015,100
Bahrain,BHR,2016,100
Bahrain,BHR,2017,100
Bahrain,BHR,2018,100
Bahrain,BHR,2019,100
Bahrain,BHR,2020,100
Bahrain,BHR,2021,100
Bahrain,BHR,2022,100
Bangladesh,BGD,2000,24.513191
Bangladesh,BGD,2001,26.070597
Bangladesh,BGD,2002,27.655449
Bangladesh,BGD,2003,29.231867
Bangladesh,BGD,2004,30.7993
Bangladesh,BGD,2005,32.443184
Bangladesh,BGD,2006,34.087524
Bangladesh,BGD,2007,35.7309
Bangladesh,BGD,2008,37.371918
Bangladesh,BGD,2009,39.009212
Bangladesh,BGD,2010,40.64187
Bangladesh,BGD,2011,42.268337
Bangladesh,BGD,2012,43.886894
Bangladesh,BGD,2013,45.496162
Bangladesh,BGD,2014,47.095535
Bangladesh,BGD,2015,48.683815
Bangladesh,BGD,2016,50.260292
Bangladesh,BGD,2017,51.824036
Bangladesh,BGD,2018,53.374264
Bangladesh,BGD,2019,54.91024
Bangladesh,BGD,2020,56.431232
Bangladesh,BGD,2021,57.936626
Bangladesh,BGD,2022,59.295193
Barbados,BRB,2000,88.85349
Barbados,BRB,2001,89.35362
Barbados,BRB,2002,89.853745
Barbados,BRB,2003,90.353874
Barbados,BRB,2004,90.854004
Barbados,BRB,2005,91.35413
Barbados,BRB,2006,91.85426
Barbados,BRB,2007,92.35439
Barbados,BRB,2008,92.85452
Barbados,BRB,2009,93.35465
Barbados,BRB,2010,93.85478
Barbados,BRB,2011,94.354904
Barbados,BRB,2012,94.855034
Barbados,BRB,2013,95.35516
Barbados,BRB,2014,95.85529
Barbados,BRB,2015,96.35542
Barbados,BRB,2016,96.85555
Barbados,BRB,2017,97.27938
Barbados,BRB,2018,97.2835
Barbados,BRB,2019,98.09246
Barbados,BRB,2020,98.09246
Barbados,BRB,2021,98.09246
Barbados,BRB,2022,98.09246
Belarus,BLR,2000,92.06886
Belarus,BLR,2001,92.04609
Belarus,BLR,2002,92.023506
Belarus,BLR,2003,92.00116
Belarus,BLR,2004,92.42999
Belarus,BLR,2005,92.86298
Belarus,BLR,2006,93.30007
Belarus,BLR,2007,93.74121
Belarus,BLR,2008,94.186295
Belarus,BLR,2009,94.63535
Belarus,BLR,2010,95.08718
Belarus,BLR,2011,95.54299
Belarus,BLR,2012,96.0032
Belarus,BLR,2013,96.46774
Belarus,BLR,2014,96.93652
Belarus,BLR,2015,97.40946
Belarus,BLR,2016,97.88647
Belarus,BLR,2017,98.367455
Belarus,BLR,2018,98.852264
Belarus,BLR,2019,99.34076
Belarus,BLR,2020,99.48878
Belarus,BLR,2021,99.53949
Belarus,BLR,2022,99.55866
Belgium,BEL,2000,99.484634
Belgium,BEL,2001,99.484795
Belgium,BEL,2002,99.48496
Belgium,BEL,2003,99.48512
Belgium,BEL,2004,99.4853
Belgium,BEL,2005,99.48546
Belgium,BEL,2006,99.48562
Belgium,BEL,2007,99.48578
Belgium,BEL,2008,99.48594
Belgium,BEL,2009,99.48611
Belgium,BEL,2010,99.48612
Belgium,BEL,2011,99.48613
Belgium,BEL,2012,99.48614
Belgium,BEL,2013,99.486145
Belgium,BEL,2014,99.48616
Belgium,BEL,2015,99.48616
Belgium,BEL,2016,99.486176
Belgium,BEL,2017,99.48618
Belgium,BEL,2018,99.48619
Belgium,BEL,2019,99.4862
Belgium,BEL,2020,99.4862
Belgium,BEL,2021,99.48621
Belgium,BEL,2022,99.48621
Belize,BLZ,2000,82.43799
Belize,BLZ,2001,82.76327
Belize,BLZ,2002,83.08857
Belize,BLZ,2003,83.4139
Belize,BLZ,2004,83.739265
Belize,BLZ,2005,84.05505
Belize,BLZ,2006,84.37043
Belize,BLZ,2007,84.68538
Belize,BLZ,2008,84.999916
Belize,BLZ,2009,85.31402
Belize,BLZ,2010,85.62771
Belize,BLZ,2011,85.94224
Belize,BLZ,2012,86.25785
Belize,BLZ,2013,86.57476
Belize,BLZ,2014,86.89304
Belize,BLZ,2015,87.21298
Belize,BLZ,2016,87.534775
Belize,BLZ,2017,87.85852
Belize,BLZ,2018,88.18442
Belize,BLZ,2019,88.1985
Belize,BLZ,2020,88.21428
Belize,BLZ,2021,88.231735
Belize,BLZ,2022,88.251076
Benin,BEN,2000,8.605667
Benin,BEN,2001,9.004248
Benin,BEN,2002,9.425229
Benin,BEN,2003,9.87677
Benin,BEN,2004,10.340068
Benin,BEN,2005,10.814694
Benin,BEN,2006,11.30074
Benin,BEN,2007,11.798302
Benin,BEN,2008,12.307117
Benin,BEN,2009,12.8267355
Benin,BEN,2010,13.357431
Benin,BEN,2011,13.89912
Benin,BEN,2012,14.451714
Benin,BEN,2013,15.014744
Benin,BEN,2014,15.5894575
Benin,BEN,2015,16.1754
Benin,BEN,2016,16.772493
Benin,BEN,2017,17.380653
Benin,BEN,2018,17.999804
Benin,BEN,2019,18.629854
Benin,BEN,2020,19.270721
Benin,BEN,2021,19.381615
Benin,BEN,2022,19.493502
Bermuda,BMU,2000,99.97914
Bermuda,BMU,2001,99.97706
Bermuda,BMU,2002,99.974976
Bermuda,BMU,2003,99.97289
Bermuda,BMU,2004,99.97081
Bermuda,BMU,2005,99.96873
Bermuda,BMU,2006,99.966644
Bermuda,BMU,2007,99.96456
Bermuda,BMU,2008,99.96248
Bermuda,BMU,2009,99.960396
Bermuda,BMU,2010,99.95831
Bermuda,BMU,2011,99.95623
Bermuda,BMU,2012,99.95415
Bermuda,BMU,2013,99.952065
Bermuda,BMU,2014,99.94998
Bermuda,BMU,2015,99.9479
Bermuda,BMU,2016,99.945816
Bermuda,BMU,2017,99.94373
Bermuda,BMU,2018,99.94165
Bermuda,BMU,2019,99.94165
Bermuda,BMU,2020,99.94165
Bermuda,BMU,2021,99.94165
Bermuda,BMU,2022,99.94165
Bhutan,BTN,2000,46.90494
Bhutan,BTN,2001,47.260147
Bhutan,BTN,2002,49.154743
Bhutan,BTN,2003,51.016525
Bhutan,BTN,2004,52.8442
Bhutan,BTN,2005,54.62419
Bhutan,BTN,2006,56.26958
Bhutan,BTN,2007,57.889008
Bhutan,BTN,2008,59.481895
Bhutan,BTN,2009,61.06873
Bhutan,BTN,2010,62.62896
Bhutan,BTN,2011,64.162224
Bhutan,BTN,2012,65.666145
Bhutan,BTN,2013,67.140884
Bhutan,BTN,2014,68.58685
Bhutan,BTN,2015,70.00458
Bhutan,BTN,2016,71.39454
Bhutan,BTN,2017,72.757286
Bhutan,BTN,2018,74.09345
Bhutan,BTN,2019,75.40367
Bhutan,BTN,2020,76.68857
Bhutan,BTN,2021,77.94886
Bhutan,BTN,2022,77.94007
Bolivia,BOL,2000,34.881187
Bolivia,BOL,2001,36.019676
Bolivia,BOL,2002,37.14125
Bolivia,BOL,2003,38.256138
Bolivia,BOL,2004,39.367702
Bolivia,BOL,2005,40.475315
Bolivia,BOL,2006,41.579967
Bolivia,BOL,2007,43.172844
Bolivia,BOL,2008,44.788654
Bolivia,BOL,2009,46.426254
Bolivia,BOL,2010,48.08581
Bolivia,BOL,2011,49.767464
Bolivia,BOL,2012,51.47074
Bolivia,BOL,2013,53.17831
Bolivia,BOL,2014,54.896812
Bolivia,BOL,2015,56.63695
Bolivia,BOL,2016,58.398907
Bolivia,BOL,2017,60.18194
Bolivia,BOL,2018,61.987785
Bolivia,BOL,2019,63.81631
Bolivia,BOL,2020,65.66706
Bolivia,BOL,2021,67.53989
Bolivia,BOL,2022,68.612564
"Bonaire, Sint Eustatius and Saba",,2000,94.04858
"Bonaire, Sint Eustatius and Saba",,2001,94.12365
"Bonaire, Sint Eustatius and Saba",,2002,94.19873
"Bonaire, Sint Eustatius and Saba",,2003,94.27381
"Bonaire, Sint Eustatius and Saba",,2004,94.34889
"Bonaire, Sint Eustatius and Saba",,2005,94.42397
"Bonaire, Sint Eustatius and Saba",,2006,94.49905
"Bonaire, Sint Eustatius and Saba",,2007,94.57413
"Bonaire, Sint Eustatius and Saba",,2008,94.64921
"Bonaire, Sint Eustatius and Saba",,2009,94.72429
"Bonaire, Sint Eustatius and Saba",,2010,94.79936
"Bonaire, Sint Eustatius and Saba",,2011,94.87444
"Bonaire, Sint Eustatius and Saba",,2012,94.949524
"Bonaire, Sint Eustatius and Saba",,2013,95.024605
"Bonaire, Sint Eustatius and Saba",,2014,95.099686
"Bonaire, Sint Eustatius and Saba",,2015,95.17476
"Bonaire, Sint Eustatius and Saba",,2016,95.24984
"Bonaire, Sint Eustatius and Saba",,2017,95.32492
"Bonaire, Sint Eustatius and Saba",,2018,95.4
"Bonaire, Sint Eustatius and Saba",,2019,95.4
"Bonaire, Sint Eustatius and Saba",,2020,95.4
"Bonaire, Sint Eustatius and Saba",,2021,95.4
"Bonaire, Sint Eustatius and Saba",,2022,95.4
Bosnia and Herzegovina,BIH,2000,95.078445
Bosnia and Herzegovina,BIH,2001,95.08797
Bosnia and Herzegovina,BIH,2002,95.09814
Bosnia and Herzegovina,BIH,2003,95.108864
Bosnia and Herzegovina,BIH,2004,95.12025
Bosnia and Herzegovina,BIH,2005,95.13579
Bosnia and Herzegovina,BIH,2006,95.15163
Bosnia and Herzegovina,BIH,2007,95.16789
Bosnia and Herzegovina,BIH,2008,95.184456
Bosnia and Herzegovina,BIH,2009,95.20132
Bosnia and Herzegovina,BIH,2010,95.21848
Bosnia and Herzegovina,BIH,2011,95.236015
Bosnia and Herzegovina,BIH,2012,95.25391
Bosnia and Herzegovina,BIH,2013,95.27204
Bosnia and Herzegovina,BIH,2014,95.290535
Bosnia and Herzegovina,BIH,2015,95.312935
Bosnia and Herzegovina,BIH,2016,95.33615
Bosnia and Herzegovina,BIH,2017,95.36024
Bosnia and Herzegovina,BIH,2018,95.385056
Botswana,BWA,2000,51.91611
Botswana,BWA,2001,53.331238
Botswana,BWA,2002,54.635136
Botswana,BWA,2003,55.930626
Botswana,BWA,2004,57.23544
Botswana,BWA,2005,58.548466
Botswana,BWA,2006,59.87078
Botswana,BWA,2007,61.602333
Botswana,BWA,2008,63.342457
Botswana,BWA,2009,65.08691
Botswana,BWA,2010,66.83741
Botswana,BWA,2011,68.592316
Botswana,BWA,2012,70.14986
Botswana,BWA,2013,71.680145
Botswana,BWA,2014,73.2177
Botswana,BWA,2015,74.76206
Botswana,BWA,2016,76.01731
Botswana,BWA,2017,77.269226
Botswana,BWA,2018,78.5139
Botswana,BWA,2019,79.751686
Botswana,BWA,2020,80.02624
Botswana,BWA,2021,80.29223
Botswana,BWA,2022,80.55082
Brazil,BRA,2000,73.1288
Brazil,BRA,2001,74.03791
Brazil,BRA,2002,74.927986
Brazil,BRA,2003,75.81264
Brazil,BRA,2004,76.691536
Brazil,BRA,2005,77.56479
Brazil,BRA,2006,78.432915
Brazil,BRA,2007,79.295975
Brazil,BRA,2008,80.154076
Brazil,BRA,2009,81.00652
Brazil,BRA,2010,81.85421
Brazil,BRA,2011,82.70058
Brazil,BRA,2012,83.54222
Brazil,BRA,2013,84.37852
Brazil,BRA,2014,85.21064
Brazil,BRA,2015,86.03796
Brazil,BRA,2016,86.860245
Brazil,BRA,2017,87.677956
Brazil,BRA,2018,88.49055
Brazil,BRA,2019,89.2988
Brazil,BRA,2020,90.078476
Brazil,BRA,2021,90.81098
Brazil,BRA,2022,90.8835
British Virgin Islands,VGB,2000,96.7852
British Virgin Islands,VGB,2001,96.79126
British Virgin Islands,VGB,2002,96.797325
British Virgin Islands,VGB,2003,96.80339
British Virgin Islands,VGB,2004,96.809456
British Virgin Islands,VGB,2005,96.81552
British Virgin Islands,VGB,2006,96.82159
British Virgin Islands,VGB,2007,96.82765
British Virgin Islands,VGB,2008,96.83372
British Virgin Islands,VGB,2009,96.83978
British Virgin Islands,VGB,2010,96.84585
British Virgin Islands,VGB,2011,96.85191
British Virgin Islands,VGB,2012,96.85798
British Virgin Islands,VGB,2013,96.85798
British Virgin Islands,VGB,2014,96.85798
British Virgin Islands,VGB,2015,96.85798
British Virgin Islands,VGB,2016,96.85798
Brunei,BRN,2000,72.71484
Brunei,BRN,2001,73.93148
Brunei,BRN,2002,75.14812
Brunei,BRN,2003,76.36475
Brunei,BRN,2004,77.58139
Brunei,BRN,2005,78.79803
Brunei,BRN,2006,80.014656
Brunei,BRN,2007,81.23129
Brunei,BRN,2008,82.44793
Brunei,BRN,2009,83.664566
Brunei,BRN,2010,84.8812
Brunei,BRN,2011,86.09784
Brunei,BRN,2012,87.31447
Brunei,BRN,2013,88.531105
Brunei,BRN,2014,89.74774
Brunei,BRN,2015,90.96438
Brunei,BRN,2016,92.181015
Brunei,BRN,2017,93.39765
Brunei,BRN,2018,94.61428
Brunei,BRN,2019,95.83092
Brunei,BRN,2020,97.047554
Brunei,BRN,2021,98.26419
Brunei,BRN,2022,99.48083
Bulgaria,BGR,2000,85.82711
Bulgaria,BGR,2001,85.83529
Bulgaria,BGR,2002,85.84627
Bulgaria,BGR,2003,85.85715
Bulgaria,BGR,2004,85.86799
Bulgaria,BGR,2005,85.878746
Bulgaria,BGR,2006,85.88941
Bulgaria,BGR,2007,85.90002
Bulgaria,BGR,2008,85.91056
Bulgaria,BGR,2009,85.92101
Bulgaria,BGR,2010,85.931404
Bulgaria,BGR,2011,85.9417
Bulgaria,BGR,2012,85.95203
Bulgaria,BGR,2013,85.96239
Bulgaria,BGR,2014,85.97275
Bulgaria,BGR,2015,85.98314
Bulgaria,BGR,2016,85.99353
Bulgaria,BGR,2017,86.003944
Bulgaria,BGR,2018,86.014336
Bulgaria,BGR,2019,86.02473
Bulgaria,BGR,2020,86.03512
Bulgaria,BGR,2021,86.04551
Bulgaria,BGR,2022,86.05586
Burkina Faso,BFA,2000,10.187899
Burkina Faso,BFA,2001,10.506306
Burkina Faso,BFA,2002,11.393743
Burkina Faso,BFA,2003,12.268658
Burkina Faso,BFA,2004,13.13173
Burkina Faso,BFA,2005,13.980599
Burkina Faso,BFA,2006,14.815915
Burkina Faso,BFA,2007,15.5707855
Burkina Faso,BFA,2008,16.259678
Burkina Faso,BFA,2009,16.93363
Burkina Faso,BFA,2010,17.593168
Burkina Faso,BFA,2011,18.238024
Burkina Faso,BFA,2012,18.867582
Burkina Faso,BFA,2013,19.481607
Burkina Faso,BFA,2014,20.080187
Burkina Faso,BFA,2015,20.662739
Burkina Faso,BFA,2016,21.229023
Burkina Faso,BFA,2017,21.77792
Burkina Faso,BFA,2018,22.309568
Burkina Faso,BFA,2019,22.82407
Burkina Faso,BFA,2020,23.320683
Burkina Faso,BFA,2021,24.041119
Burkina Faso,BFA,2022,24.756493
Burundi,BDI,2000,45.214745
Burundi,BDI,2001,45.42356
Burundi,BDI,2002,45.63437
Burundi,BDI,2003,45.847294
Burundi,BDI,2004,45.868637
Burundi,BDI,2005,45.88706
Burundi,BDI,2006,45.90239
Burundi,BDI,2007,45.91453
Burundi,BDI,2008,45.923264
Burundi,BDI,2009,45.928543
Burundi,BDI,2010,45.930073
Burundi,BDI,2011,45.92771
Burundi,BDI,2012,45.921326
Burundi,BDI,2013,45.910618
Burundi,BDI,2014,45.895508
Burundi,BDI,2015,45.875713
Burundi,BDI,2016,45.85102
Burundi,BDI,2017,45.821205
Burundi,BDI,2018,45.786037
Burundi,BDI,2019,45.745277
Burundi,BDI,2020,45.72751
Burundi,BDI,2021,45.70933
Burundi,BDI,2022,45.690685
Cambodia,KHM,2000,10.186324
Cambodia,KHM,2001,11.393511
Cambodia,KHM,2002,14.23042
Cambodia,KHM,2003,17.091722
Cambodia,KHM,2004,19.97785
Cambodia,KHM,2005,22.888676
Cambodia,KHM,2006,25.823591
Cambodia,KHM,2007,28.782984
Cambodia,KHM,2008,31.783607
Cambodia,KHM,2009,34.895603
Cambodia,KHM,2010,38.02617
Cambodia,KHM,2011,41.174816
Cambodia,KHM,2012,44.34106
Cambodia,KHM,2013,47.524017
Cambodia,KHM,2014,50.723957
Cambodia,KHM,2015,53.93998
Cambodia,KHM,2016,57.171562
Cambodia,KHM,2017,60.41786
Cambodia,KHM,2018,63.68017
Cambodia,KHM,2019,66.95741
Cambodia,KHM,2020,70.2491
Cambodia,KHM,2021,73.554146
Cambodia,KHM,2022,76.71942
Cameroon,CMR,2000,38.296318
Cameroon,CMR,2001,38.33013
Cameroon,CMR,2002,38.367405
Cameroon,CMR,2003,38.590767
Cameroon,CMR,2004,38.816097
Cameroon,CMR,2005,39.042538
Cameroon,CMR,2006,39.27077
Cameroon,CMR,2007,39.50087
Cameroon,CMR,2008,39.73291
Cameroon,CMR,2009,39.966633
Cameroon,CMR,2010,40.20243
Cameroon,CMR,2011,40.44004
Cameroon,CMR,2012,40.679527
Cameroon,CMR,2013,40.920616
Cameroon,CMR,2014,41.163357
Cameroon,CMR,2015,41.407803
Cameroon,CMR,2016,41.65401
Cameroon,CMR,2017,41.901333
Cameroon,CMR,2018,42.1505
Cameroon,CMR,2019,42.40086
Cameroon,CMR,2020,42.652798
Cameroon,CMR,2021,42.905632
Cameroon,CMR,2022,43.119164
Canada,CAN,2000,99.866684
Canada,CAN,2001,99.868835
Canada,CAN,2002,99.86934
Canada,CAN,2003,99.86986
Canada,CAN,2004,99.87036
Canada,CAN,2005,99.86396
Canada,CAN,2006,99.84302
Canada,CAN,2007,99.76076
Canada,CAN,2008,99.678276
Canada,CAN,2009,99.59556
Canada,CAN,2010,99.51262
Canada,CAN,2011,99.42938
Canada,CAN,2012,99.34555
Canada,CAN,2013,99.26168
Canada,CAN,2014,99.17775
Canada,CAN,2015,99.09377
Canada,CAN,2016,99.00975
Canada,CAN,2017,98.925674
Canada,CAN,2018,98.841545
Canada,CAN,2019,98.757324
Canada,CAN,2020,98.673004
Canada,CAN,2021,98.58857
Canada,CAN,2022,98.588356
Cape Verde,CPV,2000,36.827953
Cape Verde,CPV,2001,39.191055
Cape Verde,CPV,2002,41.53751
Cape Verde,CPV,2003,43.86641
Cape Verde,CPV,2004,46.178474
Cape Verde,CPV,2005,48.472603
Cape Verde,CPV,2006,50.7498
Cape Verde,CPV,2007,53.00935
Cape Verde,CPV,2008,55.2522
Cape Verde,CPV,2009,57.47693
Cape Verde,CPV,2010,59.681854
Cape Verde,CPV,2011,61.800655
Cape Verde,CPV,2012,63.953068
Cape Verde,CPV,2013,66.09924
Cape Verde,CPV,2014,68.238884
Cape Verde,CPV,2015,70.371704
Cape Verde,CPV,2016,72.496925
Cape Verde,CPV,2017,74.61426
Cape Verde,CPV,2018,76.723724
Cape Verde,CPV,2019,78.82496
Cape Verde,CPV,2020,80.918144
Cape Verde,CPV,2021,83.00309
Cape Verde,CPV,2022,83.0453
Cayman Islands,CYM,2001,83.93783
Cayman Islands,CYM,2002,83.93783
Cayman Islands,CYM,2003,83.93783
Cayman Islands,CYM,2004,83.93783
Cayman Islands,CYM,2005,83.93783
Cayman Islands,CYM,2006,83.803795
Cayman Islands,CYM,2007,83.669754
Cayman Islands,CYM,2008,83.53572
Cayman Islands,CYM,2009,83.51893
Cayman Islands,CYM,2010,83.501755
Cayman Islands,CYM,2011,83.4842
Cayman Islands,CYM,2012,83.46628
Cayman Islands,CYM,2013,83.447975
Cayman Islands,CYM,2014,83.42929
Cayman Islands,CYM,2015,83.41024
Cayman Islands,CYM,2016,83.3908
Cayman Islands,CYM,2017,83.370995
Cayman Islands,CYM,2018,83.35081
Cayman Islands,CYM,2019,83.33024
Cayman Islands,CYM,2020,83.3093
Cayman Islands,CYM,2021,83.28799
Cayman Islands,CYM,2022,83.26629
Central African Republic,CAF,2000,20.593967
Central African Republic,CAF,2001,20.547281
Central African Republic,CAF,2002,20.500593
Central African Republic,CAF,2003,20.453606
Central African Republic,CAF,2004,20.406319
Central African Republic,CAF,2005,19.972149
Central African Republic,CAF,2006,19.545044
Central African Republic,CAF,2007,19.124893
Central African Republic,CAF,2008,18.71103
Central African Republic,CAF,2009,18.303085
Central African Republic,CAF,2010,17.900951
Central African Republic,CAF,2011,17.504011
Central African Republic,CAF,2012,17.11216
Central African Republic,CAF,2013,16.725042
Central African Republic,CAF,2014,16.342083
Central African Republic,CAF,2015,15.963187
Central African Republic,CAF,2016,15.588243
Central African Republic,CAF,2017,15.216488
Central African Republic,CAF,2018,14.847836
Central African Republic,CAF,2019,14.481982
Central African Republic,CAF,2020,14.118634
Central African Republic,CAF,2021,13.757506
Central African Republic,CAF,2022,13.846293
Central and Southern Asia (SDG),,2000,23.213352
Central and Southern Asia (SDG),,2001,25.437029
Central and Southern Asia (SDG),,2002,27.785995
Central and Southern Asia (SDG),,2003,30.14766
Central and Southern Asia (SDG),,2004,32.54427
Central and Southern Asia (SDG),,2005,34.965874
Central and Southern Asia (SDG),,2006,37.401863
Central and Southern Asia (SDG),,2007,39.85662
Central and Southern Asia (SDG),,2008,42.325047
Central and Southern Asia (SDG),,2009,44.804237
Central and Southern Asia (SDG),,2010,47.29488
Central and Southern Asia (SDG),,2011,49.79137
Central and Southern Asia (SDG),,2012,52.29731
Central and Southern Asia (SDG),,2013,54.817013
Central and Southern Asia (SDG),,2014,57.352943
Central and Southern Asia (SDG),,2015,59.903946
Central and Southern Asia (SDG),,2016,62.457706
Central and Southern Asia (SDG),,2017,64.94858
Central and Southern Asia (SDG),,2018,67.37832
Central and Southern Asia (SDG),,2019,69.798836
Central and Southern Asia (SDG),,2020,72.20268
Central and Southern Asia (SDG),,2021,74.59045
Central and Southern Asia (SDG),,2022,76.901505
Chad,TCD,2000,9.692675
Chad,TCD,2001,9.775114
Chad,TCD,2002,9.85771
Chad,TCD,2003,9.94081
Chad,TCD,2004,10.024244
Chad,TCD,2005,10.108011
Chad,TCD,2006,10.192111
Chad,TCD,2007,10.276746
Chad,TCD,2008,10.361517
Chad,TCD,2009,10.483585
Chad,TCD,2010,10.614401
Chad,TCD,2011,10.754544
Chad,TCD,2012,10.904856
Chad,TCD,2013,11.065715
Chad,TCD,2014,11.23775
Chad,TCD,2015,11.421879
Chad,TCD,2016,11.618792
Chad,TCD,2017,11.829193
Chad,TCD,2018,12.05412
Chad,TCD,2019,12.294019
Chad,TCD,2020,12.550321
Chad,TCD,2021,12.823518
Chad,TCD,2022,12.922067
Channel Islands,OWID_CIS,2009,98.5
Channel Islands,OWID_CIS,2010,98.5
Channel Islands,OWID_CIS,2011,98.5
Channel Islands,OWID_CIS,2012,98.5
Channel Islands,OWID_CIS,2013,98.5
Channel Islands,OWID_CIS,2014,98.5
Channel Islands,OWID_CIS,2015,98.5
Channel Islands,OWID_CIS,2016,98.5
Channel Islands,OWID_CIS,2017,98.5
Chile,CHL,2000,92.24385
Chile,CHL,2001,92.794464
Chile,CHL,2002,93.32384
Chile,CHL,2003,93.80314
Chile,CHL,2004,94.28066
Chile,CHL,2005,94.75579
Chile,CHL,2006,95.22913
Chile,CHL,2007,95.70034
Chile,CHL,2008,96.16973
Chile,CHL,2009,96.63702
Chile,CHL,2010,97.102234
Chile,CHL,2011,97.565636
Chile,CHL,2012,98.027
Chile,CHL,2013,98.48645
Chile,CHL,2014,98.94399
Chile,CHL,2015,99.36589
Chile,CHL,2016,99.66652
Chile,CHL,2017,100
Chile,CHL,2018,100
Chile,CHL,2019,100
Chile,CHL,2020,100
Chile,CHL,2021,100
Chile,CHL,2022,100
China,CHN,2000,56.82011
China,CHN,2001,57.56846
China,CHN,2002,59.71909
China,CHN,2003,61.843613
China,CHN,2004,63.94062
China,CHN,2005,66.007416
China,CHN,2006,68.03235
China,CHN,2007,70.02098
China,CHN,2008,71.97962
China,CHN,2009,73.90606
China,CHN,2010,75.80105
China,CHN,2011,77.65125
China,CHN,2012,79.46467
China,CHN,2013,81.246796
China,CHN,2014,82.99848
China,CHN,2015,84.719315
China,CHN,2016,86.40948
China,CHN,2017,88.068306
China,CHN,2018,89.69422
China,CHN,2019,91.28814
China,CHN,2020,92.851494
China,CHN,2021,94.38576
China,CHN,2022,95.892365
Colombia,COL,2000,75.423706
Colombia,COL,2001,76.32097
Colombia,COL,2002,77.21658
Colombia,COL,2003,78.11051
Colombia,COL,2004,79.00256
Colombia,COL,2005,79.89271
Colombia,COL,2006,80.78096
Colombia,COL,2007,81.66712
Colombia,COL,2008,82.55141
Colombia,COL,2009,83.4338
Colombia,COL,2010,84.31414
Colombia,COL,2011,85.19246
Colombia,COL,2012,86.068924
Colombia,COL,2013,86.9434
Colombia,COL,2014,87.8159
Colombia,COL,2015,88.686615
Colombia,COL,2016,89.55554
Colombia,COL,2017,90.42258
Colombia,COL,2018,91.28775
Colombia,COL,2019,92.15109
Colombia,COL,2020,93.01277
Colombia,COL,2021,93.87268
Colombia,COL,2022,94.73098
Comoros,COM,2000,29.20369
Comoros,COM,2001,30.436031
Comoros,COM,2002,31.051832
Comoros,COM,2003,31.620129
Comoros,COM,2004,32.141315
Comoros,COM,2005,32.618107
Comoros,COM,2006,33.050236
Comoros,COM,2007,33.437447
Comoros,COM,2008,33.77931
Comoros,COM,2009,34.075733
Comoros,COM,2010,34.326614
Comoros,COM,2011,34.53138
Comoros,COM,2012,34.689926
Comoros,COM,2013,34.802124
Comoros,COM,2014,34.867428
Comoros,COM,2015,35.815266
Comoros,COM,2016,35.834892
Comoros,COM,2017,35.856625
Comoros,COM,2018,35.880463
Comoros,COM,2019,35.906677
Congo,COG,2000,11.920111
Congo,COG,2001,11.968472
Congo,COG,2002,12.294256
Congo,COG,2003,12.623677
Congo,COG,2004,13.081525
Congo,COG,2005,13.55111
Congo,COG,2006,14.032536
Congo,COG,2007,14.526042
Congo,COG,2008,15.03204
Congo,COG,2009,15.55069
Congo,COG,2010,16.082312
Congo,COG,2011,16.626753
Congo,COG,2012,17.184332
Congo,COG,2013,17.755209
Congo,COG,2014,18.33936
Congo,COG,2015,18.936928
Congo,COG,2016,19.548054
Congo,COG,2017,20.172878
Congo,COG,2018,20.268572
Congo,COG,2019,20.364264
Congo,COG,2020,20.459745
Congo,COG,2021,20.55481
Cook Islands,COK,2000,81.80937
Cook Islands,COK,2001,82.01106
Cook Islands,COK,2002,82.21275
Cook Islands,COK,2003,82.41445
Cook Islands,COK,2004,82.61614
Cook Islands,COK,2005,82.81783
Cook Islands,COK,2006,83.01952
Cook Islands,COK,2007,83.221214
Cook Islands,COK,2008,83.42291
Cook Islands,COK,2009,83.6246
Cook Islands,COK,2010,83.826294
Cook Islands,COK,2011,84.027985
Cook Islands,COK,2012,84.229675
Cook Islands,COK,2013,84.43137
Cook Islands,COK,2014,84.633064
Cook Islands,COK,2015,84.834755
Cook Islands,COK,2016,85.036446
Cook Islands,COK,2017,85.23814
Cook Islands,COK,2018,85.439835
Cook Islands,COK,2019,85.439835
Cook Islands,COK,2020,85.439835
Cook Islands,COK,2021,85.439835
Cook Islands,COK,2022,85.439835
Costa Rica,CRI,2000,93.68806
Costa Rica,CRI,2001,93.92662
Costa Rica,CRI,2002,94.15829
Costa Rica,CRI,2003,94.38308
Costa Rica,CRI,2004,94.6009
Costa Rica,CRI,2005,94.811554
Costa Rica,CRI,2006,95.01539
Costa Rica,CRI,2007,95.21236
Costa Rica,CRI,2008,95.402664
Costa Rica,CRI,2009,95.66656
Costa Rica,CRI,2010,95.922035
Costa Rica,CRI,2011,96.16904
Costa Rica,CRI,2012,96.40673
Costa Rica,CRI,2013,96.6356
Costa Rica,CRI,2014,96.856155
Costa Rica,CRI,2015,97.069016
Costa Rica,CRI,2016,97.27468
Costa Rica,CRI,2017,97.47361
Costa Rica,CRI,2018,97.666306
Costa Rica,CRI,2019,97.85322
Costa Rica,CRI,2020,98.03481
Costa Rica,CRI,2021,98.211464
Costa Rica,CRI,2022,98.38362
Cote d'Ivoire,CIV,2000,20.683502
Cote d'Ivoire,CIV,2001,21.285519
Cote d'Ivoire,CIV,2002,21.88798
Cote d'Ivoire,CIV,2003,22.490574
Cote d'Ivoire,CIV,2004,23.093615
Cote d'Ivoire,CIV,2005,23.81846
Cote d'Ivoire,CIV,2006,24.551418
Cote d'Ivoire,CIV,2007,25.29236
Cote d'Ivoire,CIV,2008,26.041162
Cote d'Ivoire,CIV,2009,26.797081
Cote d'Ivoire,CIV,2010,27.560604
Cote d'Ivoire,CIV,2011,28.331606
Cote d'Ivoire,CIV,2012,29.109655
Cote d'Ivoire,CIV,2013,29.894623
Cote d'Ivoire,CIV,2014,30.686386
Cote d'Ivoire,CIV,2015,31.487518
Cote d'Ivoire,CIV,2016,32.297256
Cote d'Ivoire,CIV,2017,33.11574
Cote d'Ivoire,CIV,2018,33.942802
Cote d'Ivoire,CIV,2019,34.77797
Cote d'Ivoire,CIV,2020,35.621067
Cote d'Ivoire,CIV,2021,36.29104
Cote d'Ivoire,CIV,2022,36.962086
Croatia,HRV,2000,98.46739
Croatia,HRV,2001,98.46868
Croatia,HRV,2002,98.27854
Croatia,HRV,2003,98.08908
Croatia,HRV,2004,97.90027
Croatia,HRV,2005,97.71211
Croatia,HRV,2006,97.52463
Croatia,HRV,2007,97.33779
Croatia,HRV,2008,97.15163
Croatia,HRV,2009,96.96611
Croatia,HRV,2010,96.781265
Croatia,HRV,2011,96.59705
Croatia,HRV,2012,96.41402
Croatia,HRV,2013,96.23222
Croatia,HRV,2014,96.05182
Croatia,HRV,2015,96.07763
Croatia,HRV,2016,96.104004
Croatia,HRV,2017,96.13095
Croatia,HRV,2018,96.14063
Croatia,HRV,2019,96.15083
Croatia,HRV,2020,96.16158
Croatia,HRV,2021,96.17281
Cuba,CUB,2000,82.561554
Cuba,CUB,2001,82.75443
Cuba,CUB,2002,82.94572
Cuba,CUB,2003,83.12766
Cuba,CUB,2004,83.30088
Cuba,CUB,2005,83.78778
Cuba,CUB,2006,84.27533
Cuba,CUB,2007,84.76352
Cuba,CUB,2008,85.25232
Cuba,CUB,2009,85.741646
Cuba,CUB,2010,86.23158
Cuba,CUB,2011,86.72211
Cuba,CUB,2012,87.21322
Cuba,CUB,2013,87.70185
Cuba,CUB,2014,88.19083
Cuba,CUB,2015,88.68107
Cuba,CUB,2016,89.17245
Cuba,CUB,2017,89.66559
Cuba,CUB,2018,90.16026
Cuba,CUB,2019,90.65619
Cuba,CUB,2020,91.1532
Cuba,CUB,2021,91.65103
Cuba,CUB,2022,92.14941
Curacao,CUW,2000,98.09455
Curacao,CUW,2001,98.16038
Curacao,CUW,2002,98.226204
Curacao,CUW,2003,98.29202
Curacao,CUW,2004,98.35785
Curacao,CUW,2005,98.423676
Curacao,CUW,2006,98.4895
Curacao,CUW,2007,98.55533
Curacao,CUW,2008,98.62115
Curacao,CUW,2009,98.68697
Curacao,CUW,2010,98.7528
Curacao,CUW,2011,98.81863
Curacao,CUW,2012,98.88445
Curacao,CUW,2013,98.95027
Curacao,CUW,2014,98.95027
Curacao,CUW,2015,98.95027
Curacao,CUW,2016,98.95027
Curacao,CUW,2017,98.95027
Cyprus,CYP,2000,99.739746
Cyprus,CYP,2001,99.739494
Cyprus,CYP,2002,99.73965
Cyprus,CYP,2003,99.71942
Cyprus,CYP,2004,99.699
Cyprus,CYP,2005,99.678375
Cyprus,CYP,2006,99.657555
Cyprus,CYP,2007,99.636536
Cyprus,CYP,2008,99.61532
Cyprus,CYP,2009,99.5939
Cyprus,CYP,2010,99.57228
Cyprus,CYP,2011,99.55045
Cyprus,CYP,2012,99.528435
Cyprus,CYP,2013,99.506325
Cyprus,CYP,2014,99.48416
Cyprus,CYP,2015,99.46199
Cyprus,CYP,2016,99.43986
Cyprus,CYP,2017,99.41781
Cyprus,CYP,2018,99.39586
Cyprus,CYP,2019,99.39581
Cyprus,CYP,2020,99.39596
Cyprus,CYP,2021,99.39628
Cyprus,CYP,2022,99.396774
Czechia,CZE,2000,99.112946
Czechia,CZE,2001,99.11313
Czechia,CZE,2002,99.11503
Czechia,CZE,2003,99.11693
Czechia,CZE,2004,99.11882
Czechia,CZE,2005,99.12072
Czechia,CZE,2006,99.12261
Czechia,CZE,2007,99.12451
Czechia,CZE,2008,99.12641
Czechia,CZE,2009,99.12831
Czechia,CZE,2010,99.13021
Czechia,CZE,2011,99.13211
Czechia,CZE,2012,99.133865
Czechia,CZE,2013,99.1355
Czechia,CZE,2014,99.13663
Czechia,CZE,2015,99.136955
Czechia,CZE,2016,99.13727
Czechia,CZE,2017,99.13755
Czechia,CZE,2018,99.13735
Czechia,CZE,2019,99.13713
Czechia,CZE,2020,99.136894
Czechia,CZE,2021,99.136635
Czechia,CZE,2022,99.13636
Democratic Republic of Congo,COD,2000,23.74773
Democratic Republic of Congo,COD,2001,23.292578
Democratic Republic of Congo,COD,2002,22.84098
Democratic Republic of Congo,COD,2003,22.392975
Democratic Republic of Congo,COD,2004,21.948595
Democratic Republic of Congo,COD,2005,21.507948
Democratic Republic of Congo,COD,2006,21.089138
Democratic Republic of Congo,COD,2007,20.678806
Democratic Republic of Congo,COD,2008,20.276926
Democratic Republic of Congo,COD,2009,19.883587
Democratic Republic of Congo,COD,2010,19.498728
Democratic Republic of Congo,COD,2011,19.122452
Democratic Republic of Congo,COD,2012,18.754667
Democratic Republic of Congo,COD,2013,18.395363
Democratic Republic of Congo,COD,2014,18.044594
Democratic Republic of Congo,COD,2015,17.702282
Democratic Republic of Congo,COD,2016,17.368402
Democratic Republic of Congo,COD,2017,17.042837
Democratic Republic of Congo,COD,2018,16.725634
Democratic Republic of Congo,COD,2019,16.416662
Democratic Republic of Congo,COD,2020,16.115866
Democratic Republic of Congo,COD,2021,16.146172
Democratic Republic of Congo,COD,2022,16.174473
Denmark,DNK,2000,99.59724
Denmark,DNK,2001,99.59724
Denmark,DNK,2002,99.59724
Denmark,DNK,2003,99.59724
Denmark,DNK,2004,99.59724
Denmark,DNK,2005,99.59724
Denmark,DNK,2006,99.59724
Denmark,DNK,2007,99.59724
Denmark,DNK,2008,99.59724
Denmark,DNK,2009,99.59723
Denmark,DNK,2010,99.59723
Denmark,DNK,2011,99.59724
Denmark,DNK,2012,99.59723
Denmark,DNK,2013,99.59723
Denmark,DNK,2014,99.59723
Denmark,DNK,2015,99.59724
Denmark,DNK,2016,99.59723
Denmark,DNK,2017,99.59723
Denmark,DNK,2018,99.59724
Denmark,DNK,2019,99.59723
Denmark,DNK,2020,99.59722
Denmark,DNK,2021,99.59723
Denmark,DNK,2022,99.59723
Djibouti,DJI,2000,47.05179
Djibouti,DJI,2001,47.073147
Djibouti,DJI,2002,47.09451
Djibouti,DJI,2003,47.115868
Djibouti,DJI,2004,47.137226
Djibouti,DJI,2005,48.44528
Djibouti,DJI,2006,49.749855
Djibouti,DJI,2007,51.050476
Djibouti,DJI,2008,52.34713
Djibouti,DJI,2009,53.63931
Djibouti,DJI,2010,54.93259
Djibouti,DJI,2011,56.22718
Djibouti,DJI,2012,57.52277
Djibouti,DJI,2013,58.820065
Djibouti,DJI,2014,60.118183
Djibouti,DJI,2015,61.418907
Djibouti,DJI,2016,62.720795
Djibouti,DJI,2017,64.02454
Djibouti,DJI,2018,65.33031
Djibouti,DJI,2019,66.63824
Djibouti,DJI,2020,66.72264
Djibouti,DJI,2021,66.81163
Djibouti,DJI,2022,66.90521
Dominica,DMA,2000,64.04257
Dominica,DMA,2001,65.298256
Dominica,DMA,2002,66.55393
Dominica,DMA,2003,67.809616
Dominica,DMA,2004,69.0653
Dominica,DMA,2005,70.32098
Dominica,DMA,2006,71.57666
Dominica,DMA,2007,72.83234
Dominica,DMA,2008,74.08802
Dominica,DMA,2009,75.343704
Dominica,DMA,2010,76.59938
Dominica,DMA,2011,77.855064
Dominica,DMA,2012,79.11074
Dominica,DMA,2013,80.366425
Dominica,DMA,2014,80.366425
Dominica,DMA,2015,80.366425
Dominica,DMA,2016,80.366425
Dominica,DMA,2017,80.366425
Dominican Republic,DOM,2000,76.96366
Dominican Republic,DOM,2001,77.47312
Dominican Republic,DOM,2002,77.98203
Dominican Republic,DOM,2003,78.54379
Dominican Republic,DOM,2004,79.12547
Dominican Republic,DOM,2005,79.703026
Dominican Republic,DOM,2006,80.27697
Dominican Republic,DOM,2007,80.84695
Dominican Republic,DOM,2008,81.41297
Dominican Republic,DOM,2009,81.974106
Dominican Republic,DOM,2010,82.53123
Dominican Republic,DOM,2011,83.07167
Dominican Republic,DOM,2012,83.60015
Dominican Republic,DOM,2013,84.1252
Dominican Republic,DOM,2014,84.64707
Dominican Republic,DOM,2015,85.16592
Dominican Republic,DOM,2016,85.68164
Dominican Republic,DOM,2017,86.1939
Dominican Republic,DOM,2018,86.70101
Dominican Republic,DOM,2019,87.20311
Dominican Republic,DOM,2020,87.700386
Dominican Republic,DOM,2021,88.19322
Dominican Republic,DOM,2022,88.68179
East Timor,TLS,2002,35.229015
East Timor,TLS,2003,36.557514
East Timor,TLS,2004,37.88534
East Timor,TLS,2005,39.199467
East Timor,TLS,2006,40.395256
East Timor,TLS,2007,41.5834
East Timor,TLS,2008,42.764347
East Timor,TLS,2009,43.937244
East Timor,TLS,2010,45.101913
East Timor,TLS,2011,46.258736
East Timor,TLS,2012,47.406914
East Timor,TLS,2013,48.546246
East Timor,TLS,2014,49.676807
East Timor,TLS,2015,50.798374
East Timor,TLS,2016,51.910717
East Timor,TLS,2017,53.013367
East Timor,TLS,2018,54.106586
East Timor,TLS,2019,55.18989
East Timor,TLS,2020,56.263264
East Timor,TLS,2021,57.326027
East Timor,TLS,2022,58.378353
Eastern Mediterranean (WHO),,2000,58.4009
Eastern Mediterranean (WHO),,2001,59.188126
Eastern Mediterranean (WHO),,2002,60.018394
Eastern Mediterranean (WHO),,2003,60.879642
Eastern Mediterranean (WHO),,2004,61.802048
Eastern Mediterranean (WHO),,2005,62.864876
Eastern Mediterranean (WHO),,2006,63.964115
Eastern Mediterranean (WHO),,2007,65.08994
Eastern Mediterranean (WHO),,2008,66.21291
Eastern Mediterranean (WHO),,2009,67.284775
Eastern Mediterranean (WHO),,2010,68.34034
Eastern Mediterranean (WHO),,2011,69.36834
Eastern Mediterranean (WHO),,2012,70.385704
Eastern Mediterranean (WHO),,2013,71.42549
Eastern Mediterranean (WHO),,2014,72.45765
Eastern Mediterranean (WHO),,2015,73.48522
Eastern Mediterranean (WHO),,2016,74.5054
Eastern Mediterranean (WHO),,2017,75.41384
Eastern Mediterranean (WHO),,2018,76.2793
Eastern Mediterranean (WHO),,2019,77.094826
Eastern Mediterranean (WHO),,2020,77.83477
Eastern Mediterranean (WHO),,2021,81.75101
Eastern Mediterranean (WHO),,2022,82.346756
Eastern and South-Eastern Asia (SDG),,2000,60.387684
Eastern and South-Eastern Asia (SDG),,2001,61.205376
Eastern and South-Eastern Asia (SDG),,2002,63.051357
Eastern and South-Eastern Asia (SDG),,2003,64.74921
Eastern and South-Eastern Asia (SDG),,2004,66.43139
Eastern and South-Eastern Asia (SDG),,2005,68.09937
Eastern and South-Eastern Asia (SDG),,2006,69.741684
Eastern and South-Eastern Asia (SDG),,2007,71.395966
Eastern and South-Eastern Asia (SDG),,2008,73.03386
Eastern and South-Eastern Asia (SDG),,2009,74.653854
Eastern and South-Eastern Asia (SDG),,2010,76.25569
Eastern and South-Eastern Asia (SDG),,2011,77.83017
Eastern and South-Eastern Asia (SDG),,2012,79.38486
Eastern and South-Eastern Asia (SDG),,2013,80.923134
Eastern and South-Eastern Asia (SDG),,2014,82.44556
Eastern and South-Eastern Asia (SDG),,2015,83.95105
Eastern and South-Eastern Asia (SDG),,2016,85.438896
Eastern and South-Eastern Asia (SDG),,2017,86.90872
Eastern and South-Eastern Asia (SDG),,2018,88.3599
Eastern and South-Eastern Asia (SDG),,2019,89.78835
Eastern and South-Eastern Asia (SDG),,2020,91.1858
Eastern and South-Eastern Asia (SDG),,2021,92.56558
Eastern and South-Eastern Asia (SDG),,2022,93.81503
Ecuador,ECU,2000,70.276985
Ecuador,ECU,2001,71.205864
Ecuador,ECU,2002,72.081535
Ecuador,ECU,2003,72.92341
Ecuador,ECU,2004,73.76065
Ecuador,ECU,2005,74.86403
Ecuador,ECU,2006,75.96749
Ecuador,ECU,2007,77.071434
Ecuador,ECU,2008,78.17546
Ecuador,ECU,2009,79.2796
Ecuador,ECU,2010,80.38401
Ecuador,ECU,2011,81.48383
Ecuador,ECU,2012,82.5813
Ecuador,ECU,2013,83.68007
Ecuador,ECU,2014,84.780014
Ecuador,ECU,2015,85.88137
Ecuador,ECU,2016,86.98391
Ecuador,ECU,2017,88.08773
Ecuador,ECU,2018,89.13064
Ecuador,ECU,2019,90.00324
Ecuador,ECU,2020,90.87412
Ecuador,ECU,2021,91.74269
Ecuador,ECU,2022,92.2725
Egypt,EGY,2000,91.231705
Egypt,EGY,2001,91.54473
Egypt,EGY,2002,91.8581
Egypt,EGY,2003,92.17182
Egypt,EGY,2004,92.4859
Egypt,EGY,2005,92.80032
Egypt,EGY,2006,93.1151
Egypt,EGY,2007,93.42796
Egypt,EGY,2008,93.73995
Egypt,EGY,2009,94.05248
Egypt,EGY,2010,94.36546
Egypt,EGY,2011,94.679
Egypt,EGY,2012,94.991325
Egypt,EGY,2013,95.30428
Egypt,EGY,2014,95.61778
Egypt,EGY,2015,95.93187
Egypt,EGY,2016,96.24658
Egypt,EGY,2017,96.56299
Egypt,EGY,2018,96.881004
Egypt,EGY,2019,97.20056
Egypt,EGY,2020,97.52156
Egypt,EGY,2021,97.52465
Egypt,EGY,2022,97.52875
El Salvador,SLV,2000,80.56861
El Salvador,SLV,2001,80.66126
El Salvador,SLV,2002,80.75358
El Salvador,SLV,2003,81.13276
El Salvador,SLV,2004,81.504555
El Salvador,SLV,2005,81.86852
El Salvador,SLV,2006,82.225365
El Salvador,SLV,2007,82.58306
El Salvador,SLV,2008,82.98289
El Salvador,SLV,2009,83.373245
El Salvador,SLV,2010,83.754776
El Salvador,SLV,2011,84.128006
El Salvador,SLV,2012,84.49297
El Salvador,SLV,2013,84.849754
El Salvador,SLV,2014,85.19896
El Salvador,SLV,2015,85.540794
El Salvador,SLV,2016,85.87373
El Salvador,SLV,2017,86.19786
El Salvador,SLV,2018,86.513664
El Salvador,SLV,2019,86.82161
El Salvador,SLV,2020,87.12199
El Salvador,SLV,2021,87.39151
El Salvador,SLV,2022,87.55278
Equatorial Guinea,GNQ,2000,54.79053
Equatorial Guinea,GNQ,2001,55.776966
Equatorial Guinea,GNQ,2002,56.747
Equatorial Guinea,GNQ,2003,57.699234
Equatorial Guinea,GNQ,2004,58.633587
Equatorial Guinea,GNQ,2005,59.548378
Equatorial Guinea,GNQ,2006,60.444336
Equatorial Guinea,GNQ,2007,61.32078
Equatorial Guinea,GNQ,2008,62.177715
Equatorial Guinea,GNQ,2009,63.014317
Equatorial Guinea,GNQ,2010,63.831192
Equatorial Guinea,GNQ,2011,64.62837
Equatorial Guinea,GNQ,2012,65.406075
Equatorial Guinea,GNQ,2013,66.04694
Equatorial Guinea,GNQ,2014,66.11511
Equatorial Guinea,GNQ,2015,66.182526
Equatorial Guinea,GNQ,2016,66.24854
Equatorial Guinea,GNQ,2017,66.31279
Eritrea,ERI,2000,8.2853
Eritrea,ERI,2001,8.640479
Eritrea,ERI,2002,8.986296
Eritrea,ERI,2003,9.322085
Eritrea,ERI,2004,9.647448
Eritrea,ERI,2005,9.961535
Eritrea,ERI,2006,10.264418
Eritrea,ERI,2007,10.5550785
Eritrea,ERI,2008,10.833774
Eritrea,ERI,2009,11.022041
Eritrea,ERI,2010,11.201945
Eritrea,ERI,2011,11.37354
Eritrea,ERI,2012,11.536517
Eritrea,ERI,2013,11.6362705
Eritrea,ERI,2014,11.736681
Eritrea,ERI,2015,11.837913
Eritrea,ERI,2016,11.939965
Estonia,EST,2000,99.683205
Estonia,EST,2001,99.687004
Estonia,EST,2002,99.689354
Estonia,EST,2003,99.65066
Estonia,EST,2004,99.595436
Estonia,EST,2005,99.5404
Estonia,EST,2006,99.485535
Estonia,EST,2007,99.430855
Estonia,EST,2008,99.37636
Estonia,EST,2009,99.322044
Estonia,EST,2010,99.26791
Estonia,EST,2011,99.21396
Estonia,EST,2012,99.160286
Estonia,EST,2013,99.10659
Estonia,EST,2014,99.05268
Estonia,EST,2015,99.05797
Estonia,EST,2016,99.06308
Estonia,EST,2017,99.067986
Estonia,EST,2018,99.072685
Estonia,EST,2019,99.077156
Estonia,EST,2020,99.08075
Estonia,EST,2021,99.070526
Estonia,EST,2022,99.06022
Eswatini,SWZ,2000,48.730267
Eswatini,SWZ,2001,49.24984
Eswatini,SWZ,2002,49.980347
Eswatini,SWZ,2003,50.72876
Eswatini,SWZ,2004,51.49477
Eswatini,SWZ,2005,52.278904
Eswatini,SWZ,2006,53.080875
Eswatini,SWZ,2007,53.90525
Eswatini,SWZ,2008,54.7678
Eswatini,SWZ,2009,55.633633
Eswatini,SWZ,2010,56.502583
Eswatini,SWZ,2011,57.374496
Eswatini,SWZ,2012,58.250008
Eswatini,SWZ,2013,59.131268
Eswatini,SWZ,2014,60.0182
Eswatini,SWZ,2015,60.91065
Eswatini,SWZ,2016,61.807766
Eswatini,SWZ,2017,62.709057
Eswatini,SWZ,2018,63.613823
Eswatini,SWZ,2019,64.52143
Eswatini,SWZ,2020,64.48911
Eswatini,SWZ,2021,64.455444
Eswatini,SWZ,2022,64.420235
Ethiopia,ETH,2000,2.7938972
Ethiopia,ETH,2001,3.0953116
Ethiopia,ETH,2002,3.3968406
Ethiopia,ETH,2003,3.6980522
Ethiopia,ETH,2004,4.0092483
Ethiopia,ETH,2005,4.31644
Ethiopia,ETH,2006,4.6198325
Ethiopia,ETH,2007,4.921633
Ethiopia,ETH,2008,5.244818
Ethiopia,ETH,2009,5.565305
Ethiopia,ETH,2010,5.8836737
Ethiopia,ETH,2011,6.1997843
Ethiopia,ETH,2012,6.51409
Ethiopia,ETH,2013,6.8238907
Ethiopia,ETH,2014,7.132008
Ethiopia,ETH,2015,7.438454
Ethiopia,ETH,2016,7.743551
Ethiopia,ETH,2017,8.047157
Ethiopia,ETH,2018,8.349923
Ethiopia,ETH,2019,8.65204
Ethiopia,ETH,2020,8.953538
Ethiopia,ETH,2021,9.25478
Ethiopia,ETH,2022,9.336216
Europe (WHO),,2000,93.24027
Europe (WHO),,2001,93.02173
Europe (WHO),,2002,93.204544
Europe (WHO),,2003,93.39343
Europe (WHO),,2004,93.59253
Europe (WHO),,2005,93.80205
Europe (WHO),,2006,94.02746
Europe (WHO),,2007,94.253624
Europe (WHO),,2008,94.476715
Europe (WHO),,2009,94.69488
Europe (WHO),,2010,94.91048
Europe (WHO),,2011,95.12368
Europe (WHO),,2012,95.33318
Europe (WHO),,2013,95.54108
Europe (WHO),,2014,95.73988
Europe (WHO),,2015,95.93927
Europe (WHO),,2016,96.117874
Europe (WHO),,2017,96.283104
Europe (WHO),,2018,96.43478
Europe (WHO),,2019,96.58563
Europe (WHO),,2020,96.67395
Europe (WHO),,2021,96.75354
Europe (WHO),,2022,96.83027
Europe and Northern America (SDG),,2000,95.92489
Europe and Northern America (SDG),,2001,95.73119
Europe and Northern America (SDG),,2002,95.82769
Europe and Northern America (SDG),,2003,95.92633
Europe and Northern America (SDG),,2004,96.032036
Europe and Northern America (SDG),,2005,96.13893
Europe and Northern America (SDG),,2006,96.256165
Europe and Northern America (SDG),,2007,96.37141
Europe and Northern America (SDG),,2008,96.483086
Europe and Northern America (SDG),,2009,96.59022
Europe and Northern America (SDG),,2010,96.694855
Europe and Northern America (SDG),,2011,96.791046
Europe and Northern America (SDG),,2012,96.88393
Europe and Northern America (SDG),,2013,96.97446
Europe and Northern America (SDG),,2014,97.062035
Europe and Northern America (SDG),,2015,97.15036
Europe and Northern America (SDG),,2016,97.23801
Europe and Northern America (SDG),,2017,97.315704
Europe and Northern America (SDG),,2018,97.3834
Europe and Northern America (SDG),,2019,97.4508
Europe and Northern America (SDG),,2020,97.501114
Europe and Northern America (SDG),,2021,97.551315
Europe and Northern America (SDG),,2022,97.606186
Falkland Islands,FLK,2000,100
Falkland Islands,FLK,2001,100
Falkland Islands,FLK,2002,100
Falkland Islands,FLK,2003,100
Falkland Islands,FLK,2004,100
Falkland Islands,FLK,2005,100
Falkland Islands,FLK,2006,100
Falkland Islands,FLK,2007,100
Falkland Islands,FLK,2008,100
Falkland Islands,FLK,2009,100
Falkland Islands,FLK,2010,100
Falkland Islands,FLK,2011,100
Falkland Islands,FLK,2012,100
Falkland Islands,FLK,2013,100
Falkland Islands,FLK,2014,100
Falkland Islands,FLK,2015,100
Falkland Islands,FLK,2016,100
Falkland Islands,FLK,2017,100
Falkland Islands,FLK,2018,100
Falkland Islands,FLK,2019,100
Falkland Islands,FLK,2020,100
Falkland Islands,FLK,2021,100
Falkland Islands,FLK,2022,100
Faroe Islands,FRO,2007,90.88348
Faroe Islands,FRO,2008,90.88348
Faroe Islands,FRO,2009,90.88348
Faroe Islands,FRO,2010,90.88348
Faroe Islands,FRO,2011,90.88348
Faroe Islands,FRO,2012,90.88348
Faroe Islands,FRO,2013,90.88348
Faroe Islands,FRO,2014,90.88348
Faroe Islands,FRO,2015,90.88348
Fiji,FJI,2000,87.590576
Fiji,FJI,2001,87.64521
Fiji,FJI,2002,87.69984
Fiji,FJI,2003,88.33729
Fiji,FJI,2004,88.96894
Fiji,FJI,2005,89.59444
Fiji,FJI,2006,89.94935
Fiji,FJI,2007,90.29462
Fiji,FJI,2008,90.639145
Fiji,FJI,2009,90.9745
Fiji,FJI,2010,91.29852
Fiji,FJI,2011,91.6111
Fiji,FJI,2012,91.912445
Fiji,FJI,2013,92.20238
Fiji,FJI,2014,92.48116
Fiji,FJI,2015,92.74886
Fiji,FJI,2016,93.005516
Fiji,FJI,2017,93.251175
Fiji,FJI,2018,93.48596
Fiji,FJI,2019,93.70994
Fiji,FJI,2020,93.62156
Fiji,FJI,2021,93.33286
Fiji,FJI,2022,93.04374
Finland,FIN,2000,99.448204
Finland,FIN,2001,99.44819
Finland,FIN,2002,99.44817
Finland,FIN,2003,99.44817
Finland,FIN,2004,99.44816
Finland,FIN,2005,99.44815
Finland,FIN,2006,99.448135
Finland,FIN,2007,99.44813
Finland,FIN,2008,99.44811
Finland,FIN,2009,99.448105
Finland,FIN,2010,99.44808
Finland,FIN,2011,99.448044
Finland,FIN,2012,99.44801
Finland,FIN,2013,99.44799
Finland,FIN,2014,99.44799
Finland,FIN,2015,99.44798
Finland,FIN,2016,99.447975
Finland,FIN,2017,99.447975
Finland,FIN,2018,99.44797
Finland,FIN,2019,99.44797
Finland,FIN,2020,99.44796
Finland,FIN,2021,99.44795
Finland,FIN,2022,99.447945
France,FRA,2000,98.663025
France,FRA,2001,98.662254
France,FRA,2002,98.66148
France,FRA,2003,98.66073
France,FRA,2004,98.65997
France,FRA,2005,98.659225
France,FRA,2006,98.65848
France,FRA,2007,98.657745
France,FRA,2008,98.657
France,FRA,2009,98.65624
France,FRA,2010,98.65548
France,FRA,2011,98.65472
France,FRA,2012,98.653946
France,FRA,2013,98.65317
France,FRA,2014,98.65238
France,FRA,2015,98.651596
France,FRA,2016,98.6508
France,FRA,2017,98.65002
France,FRA,2018,98.649216
France,FRA,2019,98.648415
France,FRA,2020,98.647606
France,FRA,2021,98.646805
France,FRA,2022,98.645996
French Guiana,GUF,2001,91.61729
French Guiana,GUF,2002,91.61729
French Guiana,GUF,2003,91.61729
French Guiana,GUF,2004,91.61729
French Guiana,GUF,2005,91.61729
French Guiana,GUF,2006,91.73676
French Guiana,GUF,2007,91.85624
French Guiana,GUF,2008,91.975716
French Guiana,GUF,2009,92.0952
French Guiana,GUF,2010,92.214676
French Guiana,GUF,2011,92.33415
French Guiana,GUF,2012,92.45363
French Guiana,GUF,2013,92.573105
French Guiana,GUF,2014,92.69259
French Guiana,GUF,2015,92.812065
French Guiana,GUF,2016,92.93154
French Guiana,GUF,2017,93.05102
French Guiana,GUF,2018,93.170494
French Guiana,GUF,2019,93.28998
French Guiana,GUF,2020,93.409454
French Guiana,GUF,2021,93.52893
French Guiana,GUF,2022,93.52893
French Polynesia,PYF,2000,98.10225
French Polynesia,PYF,2001,98.04442
French Polynesia,PYF,2002,97.98658
French Polynesia,PYF,2003,97.92875
French Polynesia,PYF,2004,97.87091
French Polynesia,PYF,2005,97.81307
French Polynesia,PYF,2006,97.75524
French Polynesia,PYF,2007,97.6974
French Polynesia,PYF,2008,97.63957
French Polynesia,PYF,2009,97.58173
French Polynesia,PYF,2010,97.523895
French Polynesia,PYF,2011,97.466064
French Polynesia,PYF,2012,97.408226
French Polynesia,PYF,2013,97.350395
French Polynesia,PYF,2014,97.29256
French Polynesia,PYF,2015,97.234726
French Polynesia,PYF,2016,97.17689
French Polynesia,PYF,2017,97.11905
French Polynesia,PYF,2018,97.06122
French Polynesia,PYF,2019,97.00338
French Polynesia,PYF,2020,97.00338
French Polynesia,PYF,2021,97.00338
French Polynesia,PYF,2022,97.00338
Gabon,GAB,2000,33.981422
Gabon,GAB,2001,34.937206
Gabon,GAB,2002,35.90373
Gabon,GAB,2003,36.88093
Gabon,GAB,2004,37.868797
Gabon,GAB,2005,38.867237
Gabon,GAB,2006,39.876354
Gabon,GAB,2007,40.896038
Gabon,GAB,2008,41.926395
Gabon,GAB,2009,42.967144
Gabon,GAB,2010,44.01846
Gabon,GAB,2011,45.080196
Gabon,GAB,2012,46.15246
Gabon,GAB,2013,47.2349
Gabon,GAB,2014,48.32671
Gabon,GAB,2015,48.61944
Gabon,GAB,2016,48.911625
Gabon,GAB,2017,49.20331
Gabon,GAB,2018,49.49443
Gabon,GAB,2019,49.784824
Gabon,GAB,2020,49.824165
Gabon,GAB,2021,49.861267
Gabon,GAB,2022,49.896236
Gambia,GMB,2000,51.062706
Gambia,GMB,2001,49.913975
Gambia,GMB,2002,48.787952
Gambia,GMB,2003,47.724316
Gambia,GMB,2004,46.695427
Gambia,GMB,2005,46.578342
Gambia,GMB,2006,46.48626
Gambia,GMB,2007,46.41853
Gambia,GMB,2008,46.374496
Gambia,GMB,2009,46.35349
Gambia,GMB,2010,46.354774
Gambia,GMB,2011,46.37754
Gambia,GMB,2012,46.421204
Gambia,GMB,2013,46.484436
Gambia,GMB,2014,46.56603
Gambia,GMB,2015,46.664677
Gambia,GMB,2016,46.778767
Gambia,GMB,2017,46.907215
Gambia,GMB,2018,47.04853
Gambia,GMB,2019,47.20141
Gambia,GMB,2020,47.364574
Gambia,GMB,2021,47.53642
Gambia,GMB,2022,47.715992
Georgia,GEO,2000,90.0389
Georgia,GEO,2001,89.678055
Georgia,GEO,2002,89.33507
Georgia,GEO,2003,89.02039
Georgia,GEO,2004,88.820076
Georgia,GEO,2005,88.62561
Georgia,GEO,2006,88.4371
Georgia,GEO,2007,88.25455
Georgia,GEO,2008,88.07781
Georgia,GEO,2009,87.90689
Georgia,GEO,2010,87.7419
Georgia,GEO,2011,87.58269
Georgia,GEO,2012,87.42938
Georgia,GEO,2013,87.28168
Georgia,GEO,2014,87.13986
Georgia,GEO,2015,87.00375
Georgia,GEO,2016,86.87499
Georgia,GEO,2017,86.75321
Georgia,GEO,2018,86.638916
Georgia,GEO,2019,86.53208
Georgia,GEO,2020,86.43306
Georgia,GEO,2021,86.34159
Georgia,GEO,2022,86.25802
Germany,DEU,2000,99.21811
Germany,DEU,2001,99.21873
Germany,DEU,2002,99.219345
Germany,DEU,2003,99.219955
Germany,DEU,2004,99.220566
Germany,DEU,2005,99.221176
Germany,DEU,2006,99.22177
Germany,DEU,2007,99.222374
Germany,DEU,2008,99.22297
Germany,DEU,2009,99.223564
Germany,DEU,2010,99.224144
Germany,DEU,2011,99.22473
Germany,DEU,2012,99.22476
Germany,DEU,2013,99.22479
Germany,DEU,2014,99.22482
Germany,DEU,2015,99.22485
Germany,DEU,2016,99.22493
Germany,DEU,2017,99.22504
Germany,DEU,2018,99.22519
Germany,DEU,2019,99.22539
Germany,DEU,2020,99.22562
Germany,DEU,2021,99.22589
Germany,DEU,2022,99.226204
Ghana,GHA,2000,6.2457323
Ghana,GHA,2001,6.348529
Ghana,GHA,2002,7.232515
Ghana,GHA,2003,8.136393
Ghana,GHA,2004,9.059945
Ghana,GHA,2005,10.00244
Ghana,GHA,2006,10.963854
Ghana,GHA,2007,11.943751
Ghana,GHA,2008,12.9418
Ghana,GHA,2009,13.957328
Ghana,GHA,2010,14.990442
Ghana,GHA,2011,16.040464
Ghana,GHA,2012,17.106936
Ghana,GHA,2013,18.189264
Ghana,GHA,2014,19.287106
Ghana,GHA,2015,20.400108
Ghana,GHA,2016,21.52793
Ghana,GHA,2017,22.670109
Ghana,GHA,2018,23.826307
Ghana,GHA,2019,24.996073
Ghana,GHA,2020,26.1792
Ghana,GHA,2021,27.375244
Ghana,GHA,2022,28.583887
Gibraltar,GIB,2000,100
Gibraltar,GIB,2001,100
Gibraltar,GIB,2002,100
Gibraltar,GIB,2003,100
Gibraltar,GIB,2004,100
Gibraltar,GIB,2005,100
Gibraltar,GIB,2006,100
Gibraltar,GIB,2007,100
Gibraltar,GIB,2008,100
Gibraltar,GIB,2009,100
Gibraltar,GIB,2010,100
Gibraltar,GIB,2011,100
Gibraltar,GIB,2012,100
Gibraltar,GIB,2013,100
Gibraltar,GIB,2014,100
Gibraltar,GIB,2015,100
Gibraltar,GIB,2016,100
Gibraltar,GIB,2017,100
Gibraltar,GIB,2018,100
Gibraltar,GIB,2019,100
Gibraltar,GIB,2020,100
Gibraltar,GIB,2021,100
Gibraltar,GIB,2022,100
Greece,GRC,2000,97.61343
Greece,GRC,2001,97.7086
Greece,GRC,2002,97.8094
Greece,GRC,2003,97.90874
Greece,GRC,2004,98.0067
Greece,GRC,2005,98.10321
Greece,GRC,2006,98.19831
Greece,GRC,2007,98.29207
Greece,GRC,2008,98.384476
Greece,GRC,2009,98.475525
Greece,GRC,2010,98.56525
Greece,GRC,2011,98.653694
Greece,GRC,2012,98.74088
Greece,GRC,2013,98.8268
Greece,GRC,2014,98.91147
Greece,GRC,2015,98.975975
Greece,GRC,2016,98.97961
Greece,GRC,2017,98.98319
Greece,GRC,2018,98.98675
Greece,GRC,2019,98.990265
Greece,GRC,2020,98.993744
Greece,GRC,2021,98.997185
Greece,GRC,2022,99.00058
Greenland,GRL,2014,62.5
Greenland,GRL,2015,62.5
Greenland,GRL,2016,62.5
Greenland,GRL,2017,62.5
Greenland,GRL,2018,62.5
Greenland,GRL,2019,62.5
Greenland,GRL,2020,62.5
Greenland,GRL,2021,62.5
Greenland,GRL,2022,62.5
Grenada,GRD,2000,89.73012
Grenada,GRD,2001,90.02493
Grenada,GRD,2002,90.31555
Grenada,GRD,2003,90.60196
Grenada,GRD,2004,90.884155
Grenada,GRD,2005,91.16215
Grenada,GRD,2006,91.435936
Grenada,GRD,2007,91.70551
Grenada,GRD,2008,91.97088
Grenada,GRD,2009,92.23205
Grenada,GRD,2010,92.489
Grenada,GRD,2011,92.157295
Grenada,GRD,2012,91.82559
Grenada,GRD,2013,91.49389
Grenada,GRD,2014,91.49389
Grenada,GRD,2015,91.49389
Grenada,GRD,2016,91.49389
Grenada,GRD,2017,91.49389
Guadeloupe,GLP,2001,96.98616
Guadeloupe,GLP,2002,96.98616
Guadeloupe,GLP,2003,96.98616
Guadeloupe,GLP,2004,96.98616
Guadeloupe,GLP,2005,96.98616
Guadeloupe,GLP,2006,97.16286
Guadeloupe,GLP,2007,97.33956
Guadeloupe,GLP,2008,97.516266
Guadeloupe,GLP,2009,97.69297
Guadeloupe,GLP,2010,97.86967
Guadeloupe,GLP,2011,98.04637
Guadeloupe,GLP,2012,98.223076
Guadeloupe,GLP,2013,98.39977
Guadeloupe,GLP,2014,98.57648
Guadeloupe,GLP,2015,98.75318
Guadeloupe,GLP,2016,98.92988
Guadeloupe,GLP,2017,99.10658
Guadeloupe,GLP,2018,99.28329
Guadeloupe,GLP,2019,99.45999
Guadeloupe,GLP,2020,99.63669
Guadeloupe,GLP,2021,99.81339
Guadeloupe,GLP,2022,99.81339
Guam,GUM,2000,88.97353
Guam,GUM,2001,89.03731
Guam,GUM,2002,89.10108
Guam,GUM,2003,89.164856
Guam,GUM,2004,89.22863
Guam,GUM,2005,89.292404
Guam,GUM,2006,89.35618
Guam,GUM,2007,89.41995
Guam,GUM,2008,89.483734
Guam,GUM,2009,89.54751
Guam,GUM,2010,89.61128
Guam,GUM,2011,89.67506
Guam,GUM,2012,89.73883
Guam,GUM,2013,89.802605
Guam,GUM,2014,89.86638
Guam,GUM,2015,89.93015
Guam,GUM,2016,89.99393
Guam,GUM,2017,90.0577
Guam,GUM,2018,90.12148
Guam,GUM,2019,90.18526
Guam,GUM,2020,90.24903
Guam,GUM,2021,90.312805
Guam,GUM,2022,90.37658
Guatemala,GTM,2000,61.332924
Guatemala,GTM,2001,61.7928
Guatemala,GTM,2002,62.242054
Guatemala,GTM,2003,62.67261
Guatemala,GTM,2004,63.08791
Guatemala,GTM,2005,63.492744
Guatemala,GTM,2006,63.887543
Guatemala,GTM,2007,64.27271
Guatemala,GTM,2008,64.64834
Guatemala,GTM,2009,65.01363
Guatemala,GTM,2010,65.36988
Guatemala,GTM,2011,65.71631
Guatemala,GTM,2012,66.0536
Guatemala,GTM,2013,66.3848
Guatemala,GTM,2014,66.70988
Guatemala,GTM,2015,67.029274
Guatemala,GTM,2016,67.34213
Guatemala,GTM,2017,67.64893
Guatemala,GTM,2018,67.94962
Guatemala,GTM,2019,68.24367
Guatemala,GTM,2020,68.53131
Guatemala,GTM,2021,69.07803
Guatemala,GTM,2022,69.62173
Guinea,GIN,2000,9.162307
Guinea,GIN,2001,9.8862915
Guinea,GIN,2002,10.611442
Guinea,GIN,2003,11.337945
Guinea,GIN,2004,12.206874
Guinea,GIN,2005,13.095036
Guinea,GIN,2006,14.002634
Guinea,GIN,2007,14.929488
Guinea,GIN,2008,15.875607
Guinea,GIN,2009,16.841
Guinea,GIN,2010,17.825888
Guinea,GIN,2011,18.830074
Guinea,GIN,2012,19.853569
Guinea,GIN,2013,20.896381
Guinea,GIN,2014,21.958517
Guinea,GIN,2015,23.042953
Guinea,GIN,2016,24.14984
Guinea,GIN,2017,25.279316
Guinea,GIN,2018,26.431536
Guinea,GIN,2019,27.606398
Guinea,GIN,2020,28.804533
Guinea,GIN,2021,30.025848
Guinea,GIN,2022,31.270742
Guinea-Bissau,GNB,2000,4.161127
Guinea-Bissau,GNB,2001,4.645211
Guinea-Bissau,GNB,2002,5.138831
Guinea-Bissau,GNB,2003,5.641793
Guinea-Bissau,GNB,2004,6.5498195
Guinea-Bissau,GNB,2005,7.6656237
Guinea-Bissau,GNB,2006,8.796755
Guinea-Bissau,GNB,2007,9.943094
Guinea-Bissau,GNB,2008,11.105012
Guinea-Bissau,GNB,2009,12.282357
Guinea-Bissau,GNB,2010,13.476064
Guinea-Bissau,GNB,2011,14.68599
Guinea-Bissau,GNB,2012,15.912559
Guinea-Bissau,GNB,2013,17.155798
Guinea-Bissau,GNB,2014,18.416143
Guinea-Bissau,GNB,2015,19.693838
Guinea-Bissau,GNB,2016,20.988903
Guinea-Bissau,GNB,2017,22.301567
Guinea-Bissau,GNB,2018,23.6323
Guinea-Bissau,GNB,2019,24.981106
Guinea-Bissau,GNB,2020,26.348223
Guinea-Bissau,GNB,2021,27.733889
Guinea-Bissau,GNB,2022,27.843819
Guyana,GUY,2000,78.130684
Guyana,GUY,2001,78.63059
Guyana,GUY,2002,79.131294
Guyana,GUY,2003,79.622894
Guyana,GUY,2004,80.19836
Guyana,GUY,2005,80.775856
Guyana,GUY,2006,81.355446
Guyana,GUY,2007,81.93704
Guyana,GUY,2008,82.52063
Guyana,GUY,2009,83.10627
Guyana,GUY,2010,83.69388
Guyana,GUY,2011,84.28345
Guyana,GUY,2012,84.8881
Guyana,GUY,2013,85.49341
Guyana,GUY,2014,86.10008
Guyana,GUY,2015,86.70796
Guyana,GUY,2016,87.31699
Guyana,GUY,2017,87.92711
Guyana,GUY,2018,88.53807
Guyana,GUY,2019,89.14989
Guyana,GUY,2020,89.76243
Guyana,GUY,2021,90.37557
Guyana,GUY,2022,90.989204
Haiti,HTI,2000,16.74954
Haiti,HTI,2001,17.837498
Haiti,HTI,2002,18.937708
Haiti,HTI,2003,20.049667
Haiti,HTI,2004,21.051668
Haiti,HTI,2005,22.047539
Haiti,HTI,2006,23.051874
Haiti,HTI,2007,24.064535
Haiti,HTI,2008,25.086433
Haiti,HTI,2009,26.116703
Haiti,HTI,2010,27.156439
Haiti,HTI,2011,28.205662
Haiti,HTI,2012,29.26475
Haiti,HTI,2013,30.333324
Haiti,HTI,2014,31.412325
Haiti,HTI,2015,32.501728
Haiti,HTI,2016,33.59935
Haiti,HTI,2017,34.704456
Haiti,HTI,2018,35.817448
Haiti,HTI,2019,36.938526
Haiti,HTI,2020,37.121735
Haiti,HTI,2021,37.300854
Haiti,HTI,2022,37.47588
High-income countries,,2000,98.39003
High-income countries,,2001,98.157234
High-income countries,,2002,98.205475
High-income countries,,2003,98.25358
High-income countries,,2004,98.30185
High-income countries,,2005,98.34956
High-income countries,,2006,98.41203
High-income countries,,2007,98.4716
High-income countries,,2008,98.529785
High-income countries,,2009,98.58781
High-income countries,,2010,98.642586
High-income countries,,2011,98.690704
High-income countries,,2012,98.73772
High-income countries,,2013,98.78391
High-income countries,,2014,98.8268
High-income countries,,2015,98.8718
High-income countries,,2016,98.914085
High-income countries,,2017,98.945404
High-income countries,,2018,98.95731
High-income countries,,2019,98.968994
High-income countries,,2020,98.9756
High-income countries,,2021,98.988556
High-income countries,,2022,99.001656
Honduras,HND,2000,64.25637
Honduras,HND,2001,65.256615
Honduras,HND,2002,66.27617
Honduras,HND,2003,67.286194
Honduras,HND,2004,68.285065
Honduras,HND,2005,69.27195
Honduras,HND,2006,70.24776
Honduras,HND,2007,71.21226
Honduras,HND,2008,72.165794
Honduras,HND,2009,73.107994
Honduras,HND,2010,74.03954
Honduras,HND,2011,74.96012
Honduras,HND,2012,75.87036
Honduras,HND,2013,76.769844
Honduras,HND,2014,77.65918
Honduras,HND,2015,78.537895
Honduras,HND,2016,79.40648
Honduras,HND,2017,80.26502
Honduras,HND,2018,81.11363
Honduras,HND,2019,81.95255
Honduras,HND,2020,82.78203
Honduras,HND,2021,83.60218
Honduras,HND,2022,84.39699
Hong Kong,HKG,2000,96.72825
Hong Kong,HKG,2001,96.72825
Hong Kong,HKG,2002,96.72825
Hong Kong,HKG,2003,96.72825
Hong Kong,HKG,2004,96.71507
Hong Kong,HKG,2005,96.70189
Hong Kong,HKG,2006,96.688705
Hong Kong,HKG,2007,96.67553
Hong Kong,HKG,2008,96.662346
Hong Kong,HKG,2009,96.64916
Hong Kong,HKG,2010,96.63599
Hong Kong,HKG,2011,96.6228
Hong Kong,HKG,2012,96.60962
Hong Kong,HKG,2013,96.59644
Hong Kong,HKG,2014,96.58326
Hong Kong,HKG,2015,96.570076
Hong Kong,HKG,2016,96.5569
Hong Kong,HKG,2017,96.54372
Hong Kong,HKG,2018,96.53053
Hong Kong,HKG,2019,96.51736
Hong Kong,HKG,2020,96.50417
Hong Kong,HKG,2021,96.50417
Hong Kong,HKG,2022,96.50417
Hungary,HUN,2000,98.04373
Hungary,HUN,2001,98.04296
Hungary,HUN,2002,98.039604
Hungary,HUN,2003,98.036285
Hungary,HUN,2004,98.03297
Hungary,HUN,2005,98.029144
Hungary,HUN,2006,98.024826
Hungary,HUN,2007,98.020546
Hungary,HUN,2008,98.01629
Hungary,HUN,2009,98.01208
Hungary,HUN,2010,98.0084
Hungary,HUN,2011,98.00476
Hungary,HUN,2012,98.00215
Hungary,HUN,2013,97.99991
Hungary,HUN,2014,97.99768
Hungary,HUN,2015,97.99545
Hungary,HUN,2016,97.99318
Hungary,HUN,2017,97.990875
Hungary,HUN,2018,97.98852
Hungary,HUN,2019,97.98614
Hungary,HUN,2020,97.9837
Hungary,HUN,2021,97.98124
Hungary,HUN,2022,97.97874
Iceland,ISL,2000,98.79801
Iceland,ISL,2001,98.79718
Iceland,ISL,2002,98.79637
Iceland,ISL,2003,98.794945
Iceland,ISL,2004,98.79332
Iceland,ISL,2005,98.791725
Iceland,ISL,2006,98.790146
Iceland,ISL,2007,98.7886
Iceland,ISL,2008,98.78708
Iceland,ISL,2009,98.785576
Iceland,ISL,2010,98.78475
Iceland,ISL,2011,98.784584
Iceland,ISL,2012,98.78442
Iceland,ISL,2013,98.78399
Iceland,ISL,2014,98.78355
Iceland,ISL,2015,98.78312
Iceland,ISL,2016,98.78266
Iceland,ISL,2017,98.782166
Iceland,ISL,2018,98.781654
Iceland,ISL,2019,98.781105
Iceland,ISL,2020,98.78055
Iceland,ISL,2021,98.77995
Iceland,ISL,2022,98.77933
India,IND,2000,14.085762
India,IND,2001,16.723486
India,IND,2002,19.536623
India,IND,2003,22.368767
India,IND,2004,25.220083
India,IND,2005,28.089537
India,IND,2006,30.977304
India,IND,2007,33.883503
India,IND,2008,36.807842
India,IND,2009,39.749413
India,IND,2010,42.708317
India,IND,2011,45.684593
India,IND,2012,48.680313
India,IND,2013,51.694454
India,IND,2014,54.72652
India,IND,2015,57.77572
India,IND,2016,60.84126
India,IND,2017,63.83039
India,IND,2018,66.748116
India,IND,2019,69.66315
India,IND,2020,72.5751
India,IND,2021,75.483734
India,IND,2022,78.38856
Indonesia,IDN,2000,40.21726
Indonesia,IDN,2001,42.306404
Indonesia,IDN,2002,44.41497
Indonesia,IDN,2003,46.541664
Indonesia,IDN,2004,48.686203
Indonesia,IDN,2005,50.84598
Indonesia,IDN,2006,53.021084
Indonesia,IDN,2007,55.20996
Indonesia,IDN,2008,57.412296
Indonesia,IDN,2009,59.62603
Indonesia,IDN,2010,61.845695
Indonesia,IDN,2011,64.05155
Indonesia,IDN,2012,66.26971
Indonesia,IDN,2013,68.49901
Indonesia,IDN,2014,70.73942
Indonesia,IDN,2015,72.98959
Indonesia,IDN,2016,75.2489
Indonesia,IDN,2017,77.51606
Indonesia,IDN,2018,79.790924
Indonesia,IDN,2019,82.0727
Indonesia,IDN,2020,84.361206
Indonesia,IDN,2021,86.65563
Indonesia,IDN,2022,88.15688
Iran,IRN,2000,78.21829
Iran,IRN,2001,78.973145
Iran,IRN,2002,79.71555
Iran,IRN,2003,80.44563
Iran,IRN,2004,81.16331
Iran,IRN,2005,81.8685
Iran,IRN,2006,82.5614
Iran,IRN,2007,83.23211
Iran,IRN,2008,83.88698
Iran,IRN,2009,84.53138
Iran,IRN,2010,85.165665
Iran,IRN,2011,85.7898
Iran,IRN,2012,86.40189
Iran,IRN,2013,87.003006
Iran,IRN,2014,87.59508
Iran,IRN,2015,88.17792
Iran,IRN,2016,88.751816
Iran,IRN,2017,89.31666
Iran,IRN,2018,89.69885
Iran,IRN,2019,90.02109
Iran,IRN,2020,90.26677
Iran,IRN,2021,90.31623
Iran,IRN,2022,90.36473
Iraq,IRQ,2000,70.50477
Iraq,IRQ,2001,71.07587
Iraq,IRQ,2002,71.64557
Iraq,IRQ,2003,72.213875
Iraq,IRQ,2004,72.780785
Iraq,IRQ,2005,74.44507
Iraq,IRQ,2006,76.121956
Iraq,IRQ,2007,77.81174
Iraq,IRQ,2008,79.51418
Iraq,IRQ,2009,81.22912
Iraq,IRQ,2010,82.96585
Iraq,IRQ,2011,84.71906
Iraq,IRQ,2012,86.48265
Iraq,IRQ,2013,88.256485
Iraq,IRQ,2014,90.040565
Iraq,IRQ,2015,91.834755
Iraq,IRQ,2016,93.63966
Iraq,IRQ,2017,95.45492
Iraq,IRQ,2018,96.99974
Iraq,IRQ,2019,97.86485
Iraq,IRQ,2020,98.49327
Iraq,IRQ,2021,98.49597
Iraq,IRQ,2022,98.49878
Ireland,IRL,2000,90.54517
Ireland,IRL,2001,90.48185
Ireland,IRL,2002,90.41756
Ireland,IRL,2003,90.35136
Ireland,IRL,2004,90.28431
Ireland,IRL,2005,90.21656
Ireland,IRL,2006,90.14873
Ireland,IRL,2007,90.08318
Ireland,IRL,2008,90.017105
Ireland,IRL,2009,89.950455
Ireland,IRL,2010,89.883286
Ireland,IRL,2011,89.81554
Ireland,IRL,2012,89.74721
Ireland,IRL,2013,89.67837
Ireland,IRL,2014,89.60895
Ireland,IRL,2015,89.539024
Ireland,IRL,2016,89.46847
Ireland,IRL,2017,89.39661
Ireland,IRL,2018,89.32326
Ireland,IRL,2019,89.30739
Ireland,IRL,2020,89.29065
Ireland,IRL,2021,89.27317
Ireland,IRL,2022,89.25487
Isle of Man,IMN,2000,100
Isle of Man,IMN,2001,100
Isle of Man,IMN,2002,100
Isle of Man,IMN,2003,100
Isle of Man,IMN,2004,100
Isle of Man,IMN,2005,100
Isle of Man,IMN,2006,100
Isle of Man,IMN,2007,100
Isle of Man,IMN,2008,100
Isle of Man,IMN,2009,100
Isle of Man,IMN,2010,100
Isle of Man,IMN,2011,100
Isle of Man,IMN,2012,100
Isle of Man,IMN,2013,100
Isle of Man,IMN,2014,100
Isle of Man,IMN,2015,100
Isle of Man,IMN,2016,100
Isle of Man,IMN,2017,100
Isle of Man,IMN,2018,100
Isle of Man,IMN,2019,100
Isle of Man,IMN,2020,100
Isle of Man,IMN,2021,100
Isle of Man,IMN,2022,100
Israel,ISR,2000,100
Israel,ISR,2001,100
Israel,ISR,2002,100
Israel,ISR,2003,100
Israel,ISR,2004,100
Israel,ISR,2005,100
Israel,ISR,2006,100
Israel,ISR,2007,100
Israel,ISR,2008,100
Israel,ISR,2009,100
Israel,ISR,2010,100
Israel,ISR,2011,99.99566
Israel,ISR,2012,99.98846
Israel,ISR,2013,99.98139
Israel,ISR,2014,99.97446
Israel,ISR,2015,99.96767
Israel,ISR,2016,99.96102
Israel,ISR,2017,99.95453
Israel,ISR,2018,99.9482
Israel,ISR,2019,99.94202
Israel,ISR,2020,99.93601
Israel,ISR,2021,99.93018
Israel,ISR,2022,99.92452
Italy,ITA,2000,99.885925
Italy,ITA,2001,99.88592
Italy,ITA,2002,99.8859
Italy,ITA,2003,99.88587
Italy,ITA,2004,99.88585
Italy,ITA,2005,99.885826
Italy,ITA,2006,99.8858
Italy,ITA,2007,99.88578
Italy,ITA,2008,99.88575
Italy,ITA,2009,99.885735
Italy,ITA,2010,99.885704
Italy,ITA,2011,99.88569
Italy,ITA,2012,99.885635
Italy,ITA,2013,99.885574
Italy,ITA,2014,99.88552
Italy,ITA,2015,99.88546
Italy,ITA,2016,99.8854
Italy,ITA,2017,99.88534
Italy,ITA,2018,99.885284
Italy,ITA,2019,99.88522
Italy,ITA,2020,99.88516
Italy,ITA,2021,99.88509
Italy,ITA,2022,99.88504
Jamaica,JAM,2000,82.720924
Jamaica,JAM,2001,82.82578
Jamaica,JAM,2002,82.92912
Jamaica,JAM,2003,83.03158
Jamaica,JAM,2004,83.274734
Jamaica,JAM,2005,83.516525
Jamaica,JAM,2006,83.75696
Jamaica,JAM,2007,83.996025
Jamaica,JAM,2008,84.23371
Jamaica,JAM,2009,84.470024
Jamaica,JAM,2010,84.70495
Jamaica,JAM,2011,84.938446
Jamaica,JAM,2012,85.16995
Jamaica,JAM,2013,85.399155
Jamaica,JAM,2014,85.62576
Jamaica,JAM,2015,85.84955
Jamaica,JAM,2016,86.07017
Jamaica,JAM,2017,86.28739
Jamaica,JAM,2018,86.49974
Jamaica,JAM,2019,86.63161
Jamaica,JAM,2020,86.60642
Jamaica,JAM,2021,86.580086
Jamaica,JAM,2022,86.5526
Japan,JPN,2000,100
Japan,JPN,2001,99.99956
Japan,JPN,2002,99.99661
Japan,JPN,2003,99.99367
Japan,JPN,2004,99.99072
Japan,JPN,2005,99.98778
Japan,JPN,2006,99.98483
Japan,JPN,2007,99.98188
Japan,JPN,2008,99.978935
Japan,JPN,2009,99.97599
Japan,JPN,2010,99.973045
Japan,JPN,2011,99.9701
Japan,JPN,2012,99.96715
Japan,JPN,2013,99.9642
Japan,JPN,2014,99.96126
Japan,JPN,2015,99.95831
Japan,JPN,2016,99.95537
Japan,JPN,2017,99.95242
Japan,JPN,2018,99.94947
Japan,JPN,2019,99.946526
Japan,JPN,2020,99.94358
Japan,JPN,2021,99.940636
Japan,JPN,2022,99.93769
Jordan,JOR,2000,98.73739
Jordan,JOR,2001,98.70595
Jordan,JOR,2002,98.65138
Jordan,JOR,2003,98.57306
Jordan,JOR,2004,98.49476
Jordan,JOR,2005,98.40641
Jordan,JOR,2006,98.315125
Jordan,JOR,2007,98.22613
Jordan,JOR,2008,98.139206
Jordan,JOR,2009,98.054085
Jordan,JOR,2010,97.970604
Jordan,JOR,2011,97.88854
Jordan,JOR,2012,97.80773
Jordan,JOR,2013,97.72794
Jordan,JOR,2014,97.64909
Jordan,JOR,2015,97.56282
Jordan,JOR,2016,97.47697
Jordan,JOR,2017,97.39147
Jordan,JOR,2018,97.30632
Jordan,JOR,2019,97.22149
Jordan,JOR,2020,97.13695
Jordan,JOR,2021,97.14098
Jordan,JOR,2022,97.14488
Kazakhstan,KAZ,2000,96.80302
Kazakhstan,KAZ,2001,96.80273
Kazakhstan,KAZ,2002,96.862366
Kazakhstan,KAZ,2003,96.92186
Kazakhstan,KAZ,2004,96.981224
Kazakhstan,KAZ,2005,97.05066
Kazakhstan,KAZ,2006,97.11996
Kazakhstan,KAZ,2007,97.189125
Kazakhstan,KAZ,2008,97.25816
Kazakhstan,KAZ,2009,97.32708
Kazakhstan,KAZ,2010,97.395874
Kazakhstan,KAZ,2011,97.464516
Kazakhstan,KAZ,2012,97.533035
Kazakhstan,KAZ,2013,97.601425
Kazakhstan,KAZ,2014,97.6697
Kazakhstan,KAZ,2015,97.73782
Kazakhstan,KAZ,2016,97.805824
Kazakhstan,KAZ,2017,97.8737
Kazakhstan,KAZ,2018,97.871895
Kazakhstan,KAZ,2019,97.8697
Kazakhstan,KAZ,2020,97.86712
Kazakhstan,KAZ,2021,97.86417
Kazakhstan,KAZ,2022,97.86085
Kenya,KEN,2000,28.053165
Kenya,KEN,2001,28.365606
Kenya,KEN,2002,28.733595
Kenya,KEN,2003,29.103315
Kenya,KEN,2004,29.474804
Kenya,KEN,2005,29.848047
Kenya,KEN,2006,30.22314
Kenya,KEN,2007,30.60012
Kenya,KEN,2008,30.979034
Kenya,KEN,2009,31.35986
Kenya,KEN,2010,31.742699
Kenya,KEN,2011,32.12776
Kenya,KEN,2012,32.515076
Kenya,KEN,2013,32.904774
Kenya,KEN,2014,33.29685
Kenya,KEN,2015,33.6914
Kenya,KEN,2016,34.088493
Kenya,KEN,2017,34.488205
Kenya,KEN,2018,34.89064
Kenya,KEN,2019,35.295795
Kenya,KEN,2020,35.70382
Kenya,KEN,2021,36.114758
Kenya,KEN,2022,36.52872
Kiribati,KIR,2000,32.79977
Kiribati,KIR,2001,33.697254
Kiribati,KIR,2002,34.458134
Kiribati,KIR,2003,35.219063
Kiribati,KIR,2004,35.979774
Kiribati,KIR,2005,36.740025
Kiribati,KIR,2006,37.611664
Kiribati,KIR,2007,38.5628
Kiribati,KIR,2008,39.1672
Kiribati,KIR,2009,39.745018
Kiribati,KIR,2010,40.296272
Kiribati,KIR,2011,40.820732
Kiribati,KIR,2012,41.318157
Kiribati,KIR,2013,41.787647
Kiribati,KIR,2014,42.22958
Kiribati,KIR,2015,42.643612
Kiribati,KIR,2016,43.027576
Kiribati,KIR,2017,43.381355
Kiribati,KIR,2018,43.70568
Kiribati,KIR,2019,44.00101
Kiribati,KIR,2020,44.26763
Kiribati,KIR,2021,44.506157
Kiribati,KIR,2022,45.182053
Kuwait,KWT,2000,100
Kuwait,KWT,2001,100
Kuwait,KWT,2002,100
Kuwait,KWT,2003,100
Kuwait,KWT,2004,100
Kuwait,KWT,2005,100
Kuwait,KWT,2006,100
Kuwait,KWT,2007,100
Kuwait,KWT,2008,100
Kuwait,KWT,2009,100
Kuwait,KWT,2010,100
Kuwait,KWT,2011,100
Kuwait,KWT,2012,100
Kuwait,KWT,2013,100
Kuwait,KWT,2014,100
Kuwait,KWT,2015,100
Kuwait,KWT,2016,100
Kuwait,KWT,2017,100
Kuwait,KWT,2018,100
Kuwait,KWT,2019,100
Kuwait,KWT,2020,100
Kuwait,KWT,2021,100
Kuwait,KWT,2022,100
Kyrgyzstan,KGZ,2000,92.29962
Kyrgyzstan,KGZ,2001,92.29962
Kyrgyzstan,KGZ,2002,92.56702
Kyrgyzstan,KGZ,2003,92.83443
Kyrgyzstan,KGZ,2004,93.10184
Kyrgyzstan,KGZ,2005,93.4672
Kyrgyzstan,KGZ,2006,93.83309
Kyrgyzstan,KGZ,2007,94.19954
Kyrgyzstan,KGZ,2008,94.566536
Kyrgyzstan,KGZ,2009,94.934044
Kyrgyzstan,KGZ,2010,95.3014
Kyrgyzstan,KGZ,2011,95.66837
Kyrgyzstan,KGZ,2012,96.03471
Kyrgyzstan,KGZ,2013,96.40026
Kyrgyzstan,KGZ,2014,96.76477
Kyrgyzstan,KGZ,2015,97.12802
Kyrgyzstan,KGZ,2016,97.43365
Kyrgyzstan,KGZ,2017,97.54907
Kyrgyzstan,KGZ,2018,97.66373
Kyrgyzstan,KGZ,2019,97.77772
Kyrgyzstan,KGZ,2020,97.891045
Kyrgyzstan,KGZ,2021,97.87836
Kyrgyzstan,KGZ,2022,97.86457
Land Locked Developing Countries,,2000,33.203186
Land Locked Developing Countries,,2001,33.57614
Land Locked Developing Countries,,2002,34.032986
Land Locked Developing Countries,,2003,34.480965
Land Locked Developing Countries,,2004,34.972366
Land Locked Developing Countries,,2005,35.55419
Land Locked Developing Countries,,2006,36.143238
Land Locked Developing Countries,,2007,36.76813
Land Locked Developing Countries,,2008,37.403484
Land Locked Developing Countries,,2009,38.047215
Land Locked Developing Countries,,2010,38.696285
Land Locked Developing Countries,,2011,38.576015
Land Locked Developing Countries,,2012,39.214478
Land Locked Developing Countries,,2013,39.866405
Land Locked Developing Countries,,2014,40.533756
Land Locked Developing Countries,,2015,41.210518
Land Locked Developing Countries,,2016,41.847477
Land Locked Developing Countries,,2017,42.493103
Land Locked Developing Countries,,2018,43.13026
Land Locked Developing Countries,,2019,43.74638
Land Locked Developing Countries,,2020,44.23308
Land Locked Developing Countries,,2021,44.777138
Land Locked Developing Countries,,2022,45.030178
Laos,LAO,2000,28.314817
Laos,LAO,2001,31.326418
Laos,LAO,2002,34.328278
Laos,LAO,2003,37.31721
Laos,LAO,2004,40.29335
Laos,LAO,2005,43.16435
Laos,LAO,2006,45.84715
Laos,LAO,2007,48.514515
Laos,LAO,2008,51.167767
Laos,LAO,2009,53.80535
Laos,LAO,2010,56.428192
Laos,LAO,2011,59.036392
Laos,LAO,2012,61.63042
Laos,LAO,2013,64.20895
Laos,LAO,2014,66.77321
Laos,LAO,2015,69.323
Laos,LAO,2016,71.85881
Laos,LAO,2017,74.37984
Laos,LAO,2018,76.88628
Laos,LAO,2019,78.94809
Laos,LAO,2020,79.13544
Laos,LAO,2021,79.32396
Laos,LAO,2022,79.51363
Latin America and the Caribbean (SDG),,2000,74.65008
Latin America and the Caribbean (SDG),,2001,75.44581
Latin America and the Caribbean (SDG),,2002,76.18003
Latin America and the Caribbean (SDG),,2003,76.910965
Latin America and the Caribbean (SDG),,2004,77.63631
Latin America and the Caribbean (SDG),,2005,78.37095
Latin America and the Caribbean (SDG),,2006,79.102455
Latin America and the Caribbean (SDG),,2007,79.83811
Latin America and the Caribbean (SDG),,2008,80.56851
Latin America and the Caribbean (SDG),,2009,81.29852
Latin America and the Caribbean (SDG),,2010,82.025826
Latin America and the Caribbean (SDG),,2011,82.7503
Latin America and the Caribbean (SDG),,2012,83.46675
Latin America and the Caribbean (SDG),,2013,84.174706
Latin America and the Caribbean (SDG),,2014,84.8778
Latin America and the Caribbean (SDG),,2015,85.575676
Latin America and the Caribbean (SDG),,2016,86.26594
Latin America and the Caribbean (SDG),,2017,86.40839
Latin America and the Caribbean (SDG),,2018,87.07329
Latin America and the Caribbean (SDG),,2019,87.740005
Latin America and the Caribbean (SDG),,2020,88.35802
Latin America and the Caribbean (SDG),,2021,89.130936
Latin America and the Caribbean (SDG),,2022,89.52421
Latvia,LVA,2000,87.53536
Latvia,LVA,2001,87.50957
Latvia,LVA,2002,87.928986
Latvia,LVA,2003,88.26266
Latvia,LVA,2004,88.544815
Latvia,LVA,2005,88.82418
Latvia,LVA,2006,89.075584
Latvia,LVA,2007,89.31975
Latvia,LVA,2008,89.56349
Latvia,LVA,2009,89.8144
Latvia,LVA,2010,90.071754
Latvia,LVA,2011,90.32743
Latvia,LVA,2012,90.58126
Latvia,LVA,2013,90.83324
Latvia,LVA,2014,91.08324
Latvia,LVA,2015,91.51933
Latvia,LVA,2016,91.95677
Latvia,LVA,2017,92.39536
Latvia,LVA,2018,92.40346
Latvia,LVA,2019,92.413124
Latvia,LVA,2020,92.42437
Latvia,LVA,2021,92.43718
Least Developed Countries,,2000,21.032455
Least Developed Countries,,2001,21.748562
Least Developed Countries,,2002,22.573023
Least Developed Countries,,2003,23.392666
Least Developed Countries,,2004,24.209442
Least Developed Countries,,2005,25.124403
Least Developed Countries,,2006,26.030691
Least Developed Countries,,2007,26.914394
Least Developed Countries,,2008,27.815315
Least Developed Countries,,2009,28.717222
Least Developed Countries,,2010,29.621763
Least Developed Countries,,2011,30.23998
Least Developed Countries,,2012,31.12524
Least Developed Countries,,2013,32.008038
Least Developed Countries,,2014,32.895473
Least Developed Countries,,2015,33.778797
Least Developed Countries,,2016,34.66153
Least Developed Countries,,2017,35.53852
Least Developed Countries,,2018,36.36596
Least Developed Countries,,2019,37.15015
Least Developed Countries,,2020,37.887028
Least Developed Countries,,2021,40.911686
Least Developed Countries,,2022,41.37959
Lebanon,LBN,2000,76.92373
Lebanon,LBN,2001,76.92373
Lebanon,LBN,2002,76.92373
Lebanon,LBN,2003,78.23291
Lebanon,LBN,2004,79.54208
Lebanon,LBN,2005,80.851265
Lebanon,LBN,2006,82.160446
Lebanon,LBN,2007,83.46962
Lebanon,LBN,2008,84.7788
Lebanon,LBN,2009,86.087975
Lebanon,LBN,2010,87.397156
Lebanon,LBN,2011,88.70634
Lebanon,LBN,2012,90.01551
Lebanon,LBN,2013,91.32469
Lebanon,LBN,2014,92.63387
Lebanon,LBN,2015,93.94305
Lebanon,LBN,2016,95.25223
Lebanon,LBN,2017,96.5614
Lebanon,LBN,2018,97.87058
Lebanon,LBN,2019,99.06738
Lebanon,LBN,2020,99.2
Lebanon,LBN,2021,99.2
Lebanon,LBN,2022,99.2
Lesotho,LSO,2000,8.050813
Lesotho,LSO,2001,10.413887
Lesotho,LSO,2002,12.767156
Lesotho,LSO,2003,15.06599
Lesotho,LSO,2004,17.340017
Lesotho,LSO,2005,19.588568
Lesotho,LSO,2006,21.811848
Lesotho,LSO,2007,24.001076
Lesotho,LSO,2008,26.166523
Lesotho,LSO,2009,28.307877
Lesotho,LSO,2010,30.425304
Lesotho,LSO,2011,32.518658
Lesotho,LSO,2012,34.58343
Lesotho,LSO,2013,36.626442
Lesotho,LSO,2014,38.64773
Lesotho,LSO,2015,40.64731
Lesotho,LSO,2016,42.625153
Lesotho,LSO,2017,44.581295
Lesotho,LSO,2018,46.515594
Lesotho,LSO,2019,48.427925
Lesotho,LSO,2020,50.318073
Lesotho,LSO,2021,50.298866
Lesotho,LSO,2022,50.279194
Liberia,LBR,2000,12.053427
Liberia,LBR,2001,12.353889
Liberia,LBR,2002,12.657391
Liberia,LBR,2003,12.963532
Liberia,LBR,2004,13.27253
Liberia,LBR,2005,13.584175
Liberia,LBR,2006,14.042977
Liberia,LBR,2007,14.508508
Liberia,LBR,2008,14.980498
Liberia,LBR,2009,15.461388
Liberia,LBR,2010,15.951199
Liberia,LBR,2011,16.45018
Liberia,LBR,2012,16.957891
Liberia,LBR,2013,17.474808
Liberia,LBR,2014,18.000475
Liberia,LBR,2015,18.535133
Liberia,LBR,2016,19.078783
Liberia,LBR,2017,19.630945
Liberia,LBR,2018,20.192091
Liberia,LBR,2019,20.761974
Liberia,LBR,2020,21.340576
Liberia,LBR,2021,21.927887
Liberia,LBR,2022,22.523382
Libya,LBY,2000,90.30507
Libya,LBY,2001,90.41988
Libya,LBY,2002,90.5347
Libya,LBY,2003,90.64951
Libya,LBY,2004,90.76433
Libya,LBY,2005,90.87914
Libya,LBY,2006,90.99396
Libya,LBY,2007,91.10877
Libya,LBY,2008,91.22359
Libya,LBY,2009,91.3384
Libya,LBY,2010,91.45322
Libya,LBY,2011,91.56803
Libya,LBY,2012,91.682846
Libya,LBY,2013,91.79766
Libya,LBY,2014,91.912476
Libya,LBY,2015,92.02729
Libya,LBY,2016,92.10429
Libya,LBY,2017,92.10515
Libya,LBY,2018,92.106
Libya,LBY,2019,92.106
Libya,LBY,2020,92.106
Libya,LBY,2021,92.106
Libya,LBY,2022,92.106
Liechtenstein,LIE,2000,99.95
Liechtenstein,LIE,2001,99.95
Liechtenstein,LIE,2002,99.95
Liechtenstein,LIE,2003,99.95
Liechtenstein,LIE,2004,99.95
Liechtenstein,LIE,2005,99.95
Liechtenstein,LIE,2006,99.95
Liechtenstein,LIE,2007,99.95
Liechtenstein,LIE,2008,99.95
Liechtenstein,LIE,2009,99.95
Liechtenstein,LIE,2010,99.95
Liechtenstein,LIE,2011,99.95
Liechtenstein,LIE,2012,99.95
Liechtenstein,LIE,2013,99.95
Liechtenstein,LIE,2014,99.95
Liechtenstein,LIE,2015,99.95
Liechtenstein,LIE,2016,99.95
Liechtenstein,LIE,2017,99.95
Liechtenstein,LIE,2018,99.95
Liechtenstein,LIE,2019,99.95
Liechtenstein,LIE,2020,99.95
Liechtenstein,LIE,2021,99.95
Liechtenstein,LIE,2022,99.95
Lithuania,LTU,2000,84.63924
Lithuania,LTU,2001,85.06392
Lithuania,LTU,2002,85.48361
Lithuania,LTU,2003,85.9049
Lithuania,LTU,2004,86.32777
Lithuania,LTU,2005,86.77068
Lithuania,LTU,2006,87.23198
Lithuania,LTU,2007,87.69205
Lithuania,LTU,2008,88.15087
Lithuania,LTU,2009,88.646416
Lithuania,LTU,2010,89.1284
Lithuania,LTU,2011,89.62512
Lithuania,LTU,2012,90.14628
Lithuania,LTU,2013,90.6659
Lithuania,LTU,2014,91.18417
Lithuania,LTU,2015,91.701065
Lithuania,LTU,2016,92.218376
Lithuania,LTU,2017,92.73569
Lithuania,LTU,2018,93.252464
Lithuania,LTU,2019,93.768326
Lithuania,LTU,2020,94.28306
Lithuania,LTU,2021,94.79596
Lithuania,LTU,2022,95.30674
Low-income countries,,2000,22.123856
Low-income countries,,2001,22.30441
Low-income countries,,2002,23.284042
Low-income countries,,2003,23.541664
Low-income countries,,2004,23.819265
Low-income countries,,2005,24.26082
Low-income countries,,2006,24.760778
Low-income countries,,2007,25.324593
Low-income countries,,2008,25.8601
Low-income countries,,2009,26.350853
Low-income countries,,2010,26.859962
Low-income countries,,2011,26.949383
Low-income countries,,2012,27.377102
Low-income countries,,2013,27.703272
Low-income countries,,2014,28.025291
Low-income countries,,2015,28.425947
Low-income countries,,2016,28.906864
Low-income countries,,2017,29.41513
Low-income countries,,2018,29.89116
Low-income countries,,2019,30.402487
Low-income countries,,2020,30.850214
Low-income countries,,2021,35.064106
Low-income countries,,2022,35.451042
Lower-middle-income countries,,2000,31.60177
Lower-middle-income countries,,2001,33.26086
Lower-middle-income countries,,2002,35.057384
Lower-middle-income countries,,2003,36.871426
Lower-middle-income countries,,2004,38.706944
Lower-middle-income countries,,2005,40.55762
Lower-middle-income countries,,2006,42.424423
Lower-middle-income countries,,2007,44.325024
Lower-middle-income countries,,2008,46.230057
Lower-middle-income countries,,2009,48.14366
Lower-middle-income countries,,2010,50.064323
Lower-middle-income countries,,2011,51.992252
Lower-middle-income countries,,2012,53.922585
Lower-middle-income countries,,2013,55.869328
Lower-middle-income countries,,2014,57.829433
Lower-middle-income countries,,2015,59.782887
Lower-middle-income countries,,2016,61.72307
Lower-middle-income countries,,2017,63.612137
Lower-middle-income countries,,2018,65.45698
Lower-middle-income countries,,2019,67.278305
Lower-middle-income countries,,2020,69.0728
Lower-middle-income countries,,2021,70.83288
Lower-middle-income countries,,2022,72.47928
Luxembourg,LUX,2000,97.711365
Luxembourg,LUX,2001,97.70216
Luxembourg,LUX,2002,97.69531
Luxembourg,LUX,2003,97.68867
Luxembourg,LUX,2004,97.681435
Luxembourg,LUX,2005,97.67411
Luxembourg,LUX,2006,97.66695
Luxembourg,LUX,2007,97.65996
Luxembourg,LUX,2008,97.65313
Luxembourg,LUX,2009,97.6465
Luxembourg,LUX,2010,97.640015
Luxembourg,LUX,2011,97.63368
Luxembourg,LUX,2012,97.62759
Luxembourg,LUX,2013,97.62176
Luxembourg,LUX,2014,97.61614
Luxembourg,LUX,2015,97.61074
Luxembourg,LUX,2016,97.605545
Luxembourg,LUX,2017,97.60055
Luxembourg,LUX,2018,97.59733
Luxembourg,LUX,2019,97.59426
Luxembourg,LUX,2020,97.591354
Luxembourg,LUX,2021,97.58857
Luxembourg,LUX,2022,97.58593
Macao,MAC,2000,100
Macao,MAC,2001,100
Macao,MAC,2002,100
Macao,MAC,2003,100
Macao,MAC,2004,100
Macao,MAC,2005,100
Macao,MAC,2006,100
Macao,MAC,2007,100
Macao,MAC,2008,100
Macao,MAC,2009,100
Macao,MAC,2010,100
Macao,MAC,2011,100
Macao,MAC,2012,100
Macao,MAC,2013,100
Macao,MAC,2014,100
Macao,MAC,2015,100
Macao,MAC,2016,100
Macao,MAC,2017,100
Macao,MAC,2018,100
Macao,MAC,2019,100
Macao,MAC,2020,100
Macao,MAC,2021,100
Macao,MAC,2022,100
Madagascar,MDG,2000,3.8245227
Madagascar,MDG,2001,4.276235
Madagascar,MDG,2002,4.729025
Madagascar,MDG,2003,5.183445
Madagascar,MDG,2004,5.638795
Madagascar,MDG,2005,6.1211743
Madagascar,MDG,2006,6.6062603
Madagascar,MDG,2007,7.094046
Madagascar,MDG,2008,7.584774
Madagascar,MDG,2009,8.078092
Madagascar,MDG,2010,8.574233
Madagascar,MDG,2011,9.0731735
Madagascar,MDG,2012,9.574977
Madagascar,MDG,2013,10.079611
Madagascar,MDG,2014,10.58723
Madagascar,MDG,2015,11.097698
Madagascar,MDG,2016,11.611171
Madagascar,MDG,2017,12.127604
Madagascar,MDG,2018,12.647045
Madagascar,MDG,2019,13.169337
Madagascar,MDG,2020,13.694739
Madagascar,MDG,2021,14.222967
Madagascar,MDG,2022,14.754285
Malawi,MWI,2000,9.3511915
Malawi,MWI,2001,9.353027
Malawi,MWI,2002,9.354806
Malawi,MWI,2003,9.356701
Malawi,MWI,2004,9.358538
Malawi,MWI,2005,11.643018
Malawi,MWI,2006,13.919518
Malawi,MWI,2007,16.188189
Malawi,MWI,2008,18.448866
Malawi,MWI,2009,20.703001
Malawi,MWI,2010,22.95022
Malawi,MWI,2011,25.190252
Malawi,MWI,2012,27.422604
Malawi,MWI,2013,29.647062
Malawi,MWI,2014,31.86306
Malawi,MWI,2015,34.070404
Malawi,MWI,2016,36.26849
Malawi,MWI,2017,38.457066
Malawi,MWI,2018,40.635674
Malawi,MWI,2019,42.803837
Malawi,MWI,2020,44.96115
Malawi,MWI,2021,47.107124
Malawi,MWI,2022,49.241287
Malaysia,MYS,2000,93.10424
Malaysia,MYS,2001,93.28163
Malaysia,MYS,2002,93.45575
Malaysia,MYS,2003,93.62669
Malaysia,MYS,2004,93.79449
Malaysia,MYS,2005,93.95906
Malaysia,MYS,2006,94.120575
Malaysia,MYS,2007,94.27904
Malaysia,MYS,2008,94.43452
Malaysia,MYS,2009,94.587
Malaysia,MYS,2010,94.73658
Malaysia,MYS,2011,94.880714
Malaysia,MYS,2012,95.02211
Malaysia,MYS,2013,95.16127
Malaysia,MYS,2014,95.2983
Malaysia,MYS,2015,95.4332
Malaysia,MYS,2016,95.566025
Malaysia,MYS,2017,95.69194
Malaysia,MYS,2018,95.81885
Malaysia,MYS,2019,95.88023
Malaysia,MYS,2020,95.938805
Malaysia,MYS,2021,95.9947
Malaysia,MYS,2022,95.99613
Maldives,MDV,2000,74.85342
Maldives,MDV,2001,76.26215
Maldives,MDV,2002,77.65151
Maldives,MDV,2003,79.01985
Maldives,MDV,2004,80.36645
Maldives,MDV,2005,81.68923
Maldives,MDV,2006,82.94543
Maldives,MDV,2007,84.0726
Maldives,MDV,2008,85.333496
Maldives,MDV,2009,86.58907
Maldives,MDV,2010,87.83942
Maldives,MDV,2011,89.084435
Maldives,MDV,2012,90.32413
Maldives,MDV,2013,91.55807
Maldives,MDV,2014,92.7865
Maldives,MDV,2015,93.973495
Maldives,MDV,2016,95.06129
Maldives,MDV,2017,96.13976
Maldives,MDV,2018,97.208855
Maldives,MDV,2019,98.268425
Maldives,MDV,2020,99.15534
Maldives,MDV,2021,99.70016
Maldives,MDV,2022,99.70054
Mali,MLI,2000,15.410191
Mali,MLI,2001,16.694191
Mali,MLI,2002,18.012127
Mali,MLI,2003,19.362911
Mali,MLI,2004,20.74647
Mali,MLI,2005,22.160933
Mali,MLI,2006,23.606956
Mali,MLI,2007,25.082912
Mali,MLI,2008,26.588905
Mali,MLI,2009,28.123064
Mali,MLI,2010,29.683804
Mali,MLI,2011,31.270285
Mali,MLI,2012,32.881687
Mali,MLI,2013,34.517193
Mali,MLI,2014,36.176235
Mali,MLI,2015,37.85781
Mali,MLI,2016,39.56138
Mali,MLI,2017,41.286404
Mali,MLI,2018,43.03194
Mali,MLI,2019,44.797695
Mali,MLI,2020,46.58259
Mali,MLI,2021,48.386547
Mali,MLI,2022,50.20855
Malta,MLT,2000,99.96536
Malta,MLT,2001,99.965256
Malta,MLT,2002,99.965164
Malta,MLT,2003,99.965065
Malta,MLT,2004,99.96497
Malta,MLT,2005,99.96488
Malta,MLT,2006,99.96483
Malta,MLT,2007,99.964806
Malta,MLT,2008,99.964775
Malta,MLT,2009,99.96475
Malta,MLT,2010,99.96472
Malta,MLT,2011,99.96469
Malta,MLT,2012,99.96467
Malta,MLT,2013,99.964645
Malta,MLT,2014,99.96462
Malta,MLT,2015,99.96459
Malta,MLT,2016,99.96457
Malta,MLT,2017,99.96455
Malta,MLT,2018,99.96452
Malta,MLT,2019,99.9645
Malta,MLT,2020,99.96448
Malta,MLT,2021,99.96445
Malta,MLT,2022,99.964424
Marshall Islands,MHL,2001,85.86436
Marshall Islands,MHL,2002,86.02958
Marshall Islands,MHL,2003,86.19321
Marshall Islands,MHL,2004,86.35523
Marshall Islands,MHL,2005,86.515335
Marshall Islands,MHL,2006,86.661026
Marshall Islands,MHL,2007,86.6801
Marshall Islands,MHL,2008,86.27042
Marshall Islands,MHL,2009,85.85379
Marshall Islands,MHL,2010,85.43103
Marshall Islands,MHL,2011,85.00233
Marshall Islands,MHL,2012,84.56644
Marshall Islands,MHL,2013,84.12303
Marshall Islands,MHL,2014,83.67296
Marshall Islands,MHL,2015,83.21614
Marshall Islands,MHL,2016,82.75312
Marshall Islands,MHL,2017,82.28384
Marshall Islands,MHL,2018,81.80905
Marshall Islands,MHL,2019,81.32845
Marshall Islands,MHL,2020,81.37833
Marshall Islands,MHL,2021,81.422104
Marshall Islands,MHL,2022,81.45967
Martinique,MTQ,2001,97.70194
Martinique,MTQ,2002,97.70194
Martinique,MTQ,2003,97.70194
Martinique,MTQ,2004,97.70194
Martinique,MTQ,2005,97.70194
Martinique,MTQ,2006,97.814
Martinique,MTQ,2007,97.92607
Martinique,MTQ,2008,98.03813
Martinique,MTQ,2009,98.1502
Martinique,MTQ,2010,98.26226
Martinique,MTQ,2011,98.37432
Martinique,MTQ,2012,98.48639
Martinique,MTQ,2013,98.59845
Martinique,MTQ,2014,98.71052
Martinique,MTQ,2015,98.82258
Martinique,MTQ,2016,98.93465
Martinique,MTQ,2017,99.04671
Martinique,MTQ,2018,99.15877
Martinique,MTQ,2019,99.270836
Martinique,MTQ,2020,99.3829
Martinique,MTQ,2021,99.494965
Martinique,MTQ,2022,99.494965
Mauritania,MRT,2000,17.999718
Mauritania,MRT,2001,19.152458
Mauritania,MRT,2002,20.418674
Mauritania,MRT,2003,21.694218
Mauritania,MRT,2004,22.97917
Mauritania,MRT,2005,24.27262
Mauritania,MRT,2006,25.842678
Mauritania,MRT,2007,27.448072
Mauritania,MRT,2008,29.090134
Mauritania,MRT,2009,30.767605
Mauritania,MRT,2010,32.482845
Mauritania,MRT,2011,34.236412
Mauritania,MRT,2012,36.028816
Mauritania,MRT,2013,37.85968
Mauritania,MRT,2014,39.72632
Mauritania,MRT,2015,41.62832
Mauritania,MRT,2016,43.56515
Mauritania,MRT,2017,45.538048
Mauritania,MRT,2018,47.545895
Mauritania,MRT,2019,49.589394
Mauritania,MRT,2020,51.667736
Mauritania,MRT,2021,53.781555
Mauritania,MRT,2022,55.929893
Mauritius,MUS,2000,90.07934
Mauritius,MUS,2001,90.488396
Mauritius,MUS,2002,90.89883
Mauritius,MUS,2003,91.31066
Mauritius,MUS,2004,91.72393
Mauritius,MUS,2005,92.13864
Mauritius,MUS,2006,92.55475
Mauritius,MUS,2007,92.972305
Mauritius,MUS,2008,93.39127
Mauritius,MUS,2009,93.81171
Mauritius,MUS,2010,94.23357
Mauritius,MUS,2011,94.65687
Mauritius,MUS,2012,95.074486
Mauritius,MUS,2013,95.478775
Mauritius,MUS,2014,95.47363
Mauritius,MUS,2015,95.468506
Mauritius,MUS,2016,95.463554
Mauritius,MUS,2017,95.458755
Mayotte,MYT,2006,69.01886
Mayotte,MYT,2007,69.01886
Mayotte,MYT,2008,69.01886
Mayotte,MYT,2009,69.01886
Mayotte,MYT,2010,69.01886
Mayotte,MYT,2011,72.94782
Mayotte,MYT,2012,76.87679
Mayotte,MYT,2013,80.80576
Mayotte,MYT,2014,84.734726
Mayotte,MYT,2015,88.6637
Mayotte,MYT,2016,92.59267
Mayotte,MYT,2017,96.52164
Mayotte,MYT,2018,100
Mayotte,MYT,2019,100
Mayotte,MYT,2020,100
Mayotte,MYT,2021,100
Mayotte,MYT,2022,100
Mexico,MEX,2000,77.74751
Mexico,MEX,2001,78.51148
Mexico,MEX,2002,79.265755
Mexico,MEX,2003,80.010506
Mexico,MEX,2004,80.746155
Mexico,MEX,2005,81.47235
Mexico,MEX,2006,82.18955
Mexico,MEX,2007,82.897675
Mexico,MEX,2008,83.59736
Mexico,MEX,2009,84.28833
Mexico,MEX,2010,84.970985
Mexico,MEX,2011,85.64617
Mexico,MEX,2012,86.313446
Mexico,MEX,2013,86.97323
Mexico,MEX,2014,87.625595
Mexico,MEX,2015,88.27034
Mexico,MEX,2016,88.90782
Mexico,MEX,2017,89.537895
Mexico,MEX,2018,90.160774
Mexico,MEX,2019,90.77656
Mexico,MEX,2020,91.38534
Mexico,MEX,2021,91.98713
Mexico,MEX,2022,92.51845
Micronesia (country),FSM,2000,25.04843
Micronesia (country),FSM,2001,29.136272
Micronesia (country),FSM,2002,33.224113
Micronesia (country),FSM,2003,37.311954
Micronesia (country),FSM,2004,41.3998
Micronesia (country),FSM,2005,45.48764
Micronesia (country),FSM,2006,49.57548
Micronesia (country),FSM,2007,53.663322
Micronesia (country),FSM,2008,57.751163
Micronesia (country),FSM,2009,61.83901
Micronesia (country),FSM,2010,65.92685
Micronesia (country),FSM,2011,70.014694
Micronesia (country),FSM,2012,74.10253
Micronesia (country),FSM,2013,78.19038
Micronesia (country),FSM,2014,82.27821
Micronesia (country),FSM,2015,86.36606
Micronesia (country),FSM,2016,90.4539
Micronesia (country),FSM,2017,90.4539
Micronesia (country),FSM,2018,90.4539
Micronesia (country),FSM,2019,90.4539
Micronesia (country),FSM,2020,90.4539
Moldova,MDA,2000,71.59462
Moldova,MDA,2001,71.952095
Moldova,MDA,2002,72.31432
Moldova,MDA,2003,72.6813
Moldova,MDA,2004,73.20565
Moldova,MDA,2005,73.784515
Moldova,MDA,2006,74.413414
Moldova,MDA,2007,75.04617
Moldova,MDA,2008,75.6828
Moldova,MDA,2009,76.32331
Moldova,MDA,2010,76.9677
Moldova,MDA,2011,77.615974
Moldova,MDA,2012,78.26815
Moldova,MDA,2013,78.92422
Moldova,MDA,2014,79.58419
Moldova,MDA,2015,80.25202
Moldova,MDA,2016,80.927345
Moldova,MDA,2017,81.60915
Moldova,MDA,2018,82.29693
Moldova,MDA,2019,82.98983
Moldova,MDA,2020,83.68727
Moldova,MDA,2021,84.388535
Moldova,MDA,2022,84.91095
Monaco,MCO,2000,100
Monaco,MCO,2001,100
Monaco,MCO,2002,100
Monaco,MCO,2003,100
Monaco,MCO,2004,100
Monaco,MCO,2005,100
Monaco,MCO,2006,100
Monaco,MCO,2007,100
Monaco,MCO,2008,100
Monaco,MCO,2009,100
Monaco,MCO,2010,100
Monaco,MCO,2011,100
Monaco,MCO,2012,100
Monaco,MCO,2013,100
Monaco,MCO,2014,100
Monaco,MCO,2015,100
Monaco,MCO,2016,100
Monaco,MCO,2017,100
Monaco,MCO,2018,100
Monaco,MCO,2019,100
Monaco,MCO,2020,100
Monaco,MCO,2021,100
Monaco,MCO,2022,100
Mongolia,MNG,2000,44.179688
Mongolia,MNG,2001,44.964577
Mongolia,MNG,2002,45.73073
Mongolia,MNG,2003,46.477962
Mongolia,MNG,2004,47.94192
Mongolia,MNG,2005,49.40515
Mongolia,MNG,2006,50.8681
Mongolia,MNG,2007,52.329193
Mongolia,MNG,2008,53.78757
Mongolia,MNG,2009,55.240536
Mongolia,MNG,2010,56.68923
Mongolia,MNG,2011,57.962223
Mongolia,MNG,2012,59.147892
Mongolia,MNG,2013,60.34567
Mongolia,MNG,2014,61.55521
Mongolia,MNG,2015,62.777
Mongolia,MNG,2016,64.01069
Mongolia,MNG,2017,65.25597
Mongolia,MNG,2018,66.5167
Mongolia,MNG,2019,67.79234
Mongolia,MNG,2020,69.08225
Mongolia,MNG,2021,69.5233
Mongolia,MNG,2022,69.96488
Montenegro,MNE,2006,90.64151
Montenegro,MNE,2007,91.17759
Montenegro,MNE,2008,91.715836
Montenegro,MNE,2009,92.2561
Montenegro,MNE,2010,92.79849
Montenegro,MNE,2011,93.343056
Montenegro,MNE,2012,93.889786
Montenegro,MNE,2013,94.43875
Montenegro,MNE,2014,94.98996
Montenegro,MNE,2015,95.54342
Montenegro,MNE,2016,96.099075
Montenegro,MNE,2017,96.657
Montenegro,MNE,2018,97.21425
Montenegro,MNE,2019,97.5023
Montenegro,MNE,2020,97.77177
Montenegro,MNE,2021,97.79111
Montenegro,MNE,2022,97.81045
Montserrat,MSR,2000,81.58112
Montserrat,MSR,2001,81.96354
Montserrat,MSR,2002,82.345955
Montserrat,MSR,2003,82.72837
Montserrat,MSR,2004,83.110794
Montserrat,MSR,2005,83.49321
Montserrat,MSR,2006,83.875626
Montserrat,MSR,2007,84.25804
Montserrat,MSR,2008,84.640465
Montserrat,MSR,2009,85.02288
Montserrat,MSR,2010,85.4053
Montserrat,MSR,2011,85.78772
Montserrat,MSR,2012,86.170135
Montserrat,MSR,2013,86.55255
Montserrat,MSR,2014,86.93497
Montserrat,MSR,2015,87.31739
Montserrat,MSR,2016,87.69981
Montserrat,MSR,2017,88.08222
Montserrat,MSR,2018,88.464645
Montserrat,MSR,2019,88.84706
Montserrat,MSR,2020,89.09775
Montserrat,MSR,2021,89.09775
Montserrat,MSR,2022,89.09775
Morocco,MAR,2000,67.66782
Morocco,MAR,2001,68.50597
Morocco,MAR,2002,69.76491
Morocco,MAR,2003,71.04632
Morocco,MAR,2004,72.238014
Morocco,MAR,2005,73.17732
Morocco,MAR,2006,74.128624
Morocco,MAR,2007,75.07866
Morocco,MAR,2008,76.02705
Morocco,MAR,2009,76.973434
Morocco,MAR,2010,77.91863
Morocco,MAR,2011,78.86171
Morocco,MAR,2012,79.80289
Morocco,MAR,2013,80.741844
Morocco,MAR,2014,81.67879
Morocco,MAR,2015,82.61339
Morocco,MAR,2016,83.54587
Morocco,MAR,2017,84.475914
Morocco,MAR,2018,85.403465
Morocco,MAR,2019,86.32823
Morocco,MAR,2020,87.250435
Morocco,MAR,2021,87.383644
Morocco,MAR,2022,87.51635
Mozambique,MOZ,2000,10.230549
Mozambique,MOZ,2001,11.226011
Mozambique,MOZ,2002,12.257265
Mozambique,MOZ,2003,13.302315
Mozambique,MOZ,2004,14.361403
Mozambique,MOZ,2005,15.434157
Mozambique,MOZ,2006,16.521156
Mozambique,MOZ,2007,17.621372
Mozambique,MOZ,2008,18.83024
Mozambique,MOZ,2009,20.064562
Mozambique,MOZ,2010,21.317007
Mozambique,MOZ,2011,22.586767
Mozambique,MOZ,2012,23.873701
Mozambique,MOZ,2013,25.17766
Mozambique,MOZ,2014,26.498493
Mozambique,MOZ,2015,27.83605
Mozambique,MOZ,2016,29.19017
Mozambique,MOZ,2017,30.560328
Mozambique,MOZ,2018,31.94672
Mozambique,MOZ,2019,33.35031
Mozambique,MOZ,2020,34.77058
Mozambique,MOZ,2021,36.07188
Mozambique,MOZ,2022,37.379795
Myanmar,MMR,2000,63.459877
Myanmar,MMR,2001,64.01388
Myanmar,MMR,2002,64.56597
Myanmar,MMR,2003,65.116356
Myanmar,MMR,2004,65.66502
Myanmar,MMR,2005,66.21195
Myanmar,MMR,2006,66.75694
Myanmar,MMR,2007,67.30018
Myanmar,MMR,2008,67.84164
Myanmar,MMR,2009,68.33692
Myanmar,MMR,2010,68.82982
Myanmar,MMR,2011,69.31998
Myanmar,MMR,2012,69.80753
Myanmar,MMR,2013,70.29232
Myanmar,MMR,2014,70.77458
Myanmar,MMR,2015,71.25587
Myanmar,MMR,2016,71.73594
Myanmar,MMR,2017,72.21442
Myanmar,MMR,2018,72.69104
Myanmar,MMR,2019,73.16532
Myanmar,MMR,2020,73.63688
Myanmar,MMR,2021,74.1055
Myanmar,MMR,2022,74.13015
Namibia,NAM,2000,28.055218
Namibia,NAM,2001,28.349857
Namibia,NAM,2002,28.789812
Namibia,NAM,2003,29.248642
Namibia,NAM,2004,29.69821
Namibia,NAM,2005,30.136078
Namibia,NAM,2006,30.563282
Namibia,NAM,2007,30.978733
Namibia,NAM,2008,31.3826
Namibia,NAM,2009,31.77232
Namibia,NAM,2010,32.15005
Namibia,NAM,2011,32.513706
Namibia,NAM,2012,32.87362
Namibia,NAM,2013,33.21906
Namibia,NAM,2014,33.549896
Namibia,NAM,2015,33.864967
Namibia,NAM,2016,34.158672
Namibia,NAM,2017,34.430107
Namibia,NAM,2018,34.67975
Namibia,NAM,2019,34.960773
Namibia,NAM,2020,35.259968
Namibia,NAM,2021,35.553425
Namibia,NAM,2022,35.84054
Nauru,NRU,2000,65.513756
Nauru,NRU,2001,65.53836
Nauru,NRU,2002,65.562965
Nauru,NRU,2003,65.58757
Nauru,NRU,2004,65.612175
Nauru,NRU,2005,65.63678
Nauru,NRU,2006,65.661385
Nauru,NRU,2007,65.68599
Nauru,NRU,2008,65.710594
Nauru,NRU,2009,65.7352
Nauru,NRU,2010,65.7598
Nauru,NRU,2011,65.78441
Nauru,NRU,2012,65.80902
Nauru,NRU,2013,65.833626
Nauru,NRU,2014,65.85823
Nauru,NRU,2015,65.882835
Nauru,NRU,2016,65.90744
Nauru,NRU,2017,65.932045
Nauru,NRU,2018,65.932045
Nauru,NRU,2019,65.932045
Nauru,NRU,2020,65.932045
Nauru,NRU,2021,65.932045
Nepal,NPL,2000,13.964303
Nepal,NPL,2001,16.512688
Nepal,NPL,2002,19.076523
Nepal,NPL,2003,21.709875
Nepal,NPL,2004,24.412273
Nepal,NPL,2005,27.183235
Nepal,NPL,2006,30.02227
Nepal,NPL,2007,32.929024
Nepal,NPL,2008,35.902813
Nepal,NPL,2009,38.943096
Nepal,NPL,2010,42.04934
Nepal,NPL,2011,45.2211
Nepal,NPL,2012,48.45818
Nepal,NPL,2013,51.759563
Nepal,NPL,2014,55.12481
Nepal,NPL,2015,58.552994
Nepal,NPL,2016,62.043476
Nepal,NPL,2017,65.595375
Nepal,NPL,2018,69.20789
Nepal,NPL,2019,72.88013
Nepal,NPL,2020,76.61121
Nepal,NPL,2021,80.40022
Nepal,NPL,2022,80.3927
Netherlands,NLD,2000,98.05648
Netherlands,NLD,2001,98.03166
Netherlands,NLD,2002,98.000824
Netherlands,NLD,2003,97.97132
Netherlands,NLD,2004,97.94314
Netherlands,NLD,2005,97.91633
Netherlands,NLD,2006,97.892166
Netherlands,NLD,2007,97.870476
Netherlands,NLD,2008,97.84975
Netherlands,NLD,2009,97.828476
Netherlands,NLD,2010,97.80817
Netherlands,NLD,2011,97.79028
Netherlands,NLD,2012,97.77327
Netherlands,NLD,2013,97.75889
Netherlands,NLD,2014,97.74682
Netherlands,NLD,2015,97.73522
Netherlands,NLD,2016,97.72413
Netherlands,NLD,2017,97.713524
Netherlands,NLD,2018,97.70364
Netherlands,NLD,2019,97.694405
Netherlands,NLD,2020,97.68579
Netherlands,NLD,2021,97.67775
Netherlands,NLD,2022,97.670235
New Caledonia,NCL,2000,100
New Caledonia,NCL,2001,100
New Caledonia,NCL,2002,100
New Caledonia,NCL,2003,100
New Caledonia,NCL,2004,100
New Caledonia,NCL,2005,100
New Caledonia,NCL,2006,100
New Caledonia,NCL,2007,100
New Caledonia,NCL,2008,100
New Caledonia,NCL,2009,100
New Caledonia,NCL,2010,100
New Caledonia,NCL,2011,100
New Caledonia,NCL,2012,100
New Caledonia,NCL,2013,100
New Caledonia,NCL,2014,100
New Caledonia,NCL,2015,100
New Caledonia,NCL,2016,100
New Caledonia,NCL,2017,100
New Caledonia,NCL,2018,100
New Caledonia,NCL,2019,100
New Caledonia,NCL,2020,100
New Caledonia,NCL,2021,100
New Caledonia,NCL,2022,100
New Zealand,NZL,2000,100
New Zealand,NZL,2001,100
New Zealand,NZL,2002,100
New Zealand,NZL,2003,100
New Zealand,NZL,2004,100
New Zealand,NZL,2005,100
New Zealand,NZL,2006,100
New Zealand,NZL,2007,100
New Zealand,NZL,2008,100
New Zealand,NZL,2009,100
New Zealand,NZL,2010,100
New Zealand,NZL,2011,100
New Zealand,NZL,2012,100
New Zealand,NZL,2013,100
New Zealand,NZL,2014,100
New Zealand,NZL,2015,100
New Zealand,NZL,2016,100
New Zealand,NZL,2017,100
New Zealand,NZL,2018,100
New Zealand,NZL,2019,100
New Zealand,NZL,2020,100
New Zealand,NZL,2021,100
New Zealand,NZL,2022,100
Nicaragua,NIC,2000,57.072906
Nicaragua,NIC,2001,58.05937
Nicaragua,NIC,2002,59.04451
Nicaragua,NIC,2003,60.028595
Nicaragua,NIC,2004,61.01162
Nicaragua,NIC,2005,61.99456
Nicaragua,NIC,2006,62.987007
Nicaragua,NIC,2007,63.977814
Nicaragua,NIC,2008,64.96746
Nicaragua,NIC,2009,65.955475
Nicaragua,NIC,2010,66.9421
Nicaragua,NIC,2011,67.92732
Nicaragua,NIC,2012,68.91116
Nicaragua,NIC,2013,69.8936
Nicaragua,NIC,2014,70.874435
Nicaragua,NIC,2015,71.85388
Nicaragua,NIC,2016,72.83195
Nicaragua,NIC,2017,72.874825
Nicaragua,NIC,2018,72.92057
Nicaragua,NIC,2019,72.9694
Nicaragua,NIC,2020,73.021095
Niger,NER,2000,5.5193977
Niger,NER,2001,6.026104
Niger,NER,2002,6.5151644
Niger,NER,2003,7.00441
Niger,NER,2004,7.493613
Niger,NER,2005,7.997903
Niger,NER,2006,8.4985895
Niger,NER,2007,8.995426
Niger,NER,2008,9.488128
Niger,NER,2009,9.977242
Niger,NER,2010,10.462497
Niger,NER,2011,10.943575
Niger,NER,2012,11.421086
Niger,NER,2013,11.894727
Niger,NER,2014,12.369659
Niger,NER,2015,12.8471155
Niger,NER,2016,13.326975
Niger,NER,2017,13.810566
Niger,NER,2018,14.297776
Niger,NER,2019,14.790038
Niger,NER,2020,15.288077
Niger,NER,2021,15.881561
Niger,NER,2022,16.409657
Nigeria,NGA,2000,27.994637
Nigeria,NGA,2001,28.033909
Nigeria,NGA,2002,28.686348
Nigeria,NGA,2003,29.359259
Nigeria,NGA,2004,30.053265
Nigeria,NGA,2005,30.768913
Nigeria,NGA,2006,31.506847
Nigeria,NGA,2007,32.267693
Nigeria,NGA,2008,33.052074
Nigeria,NGA,2009,33.860287
Nigeria,NGA,2010,34.693134
Nigeria,NGA,2011,35.54994
Nigeria,NGA,2012,36.430935
Nigeria,NGA,2013,37.336075
Nigeria,NGA,2014,38.26551
Nigeria,NGA,2015,39.219383
Nigeria,NGA,2016,40.197327
Nigeria,NGA,2017,41.19972
Nigeria,NGA,2018,42.22626
Nigeria,NGA,2019,43.276752
Nigeria,NGA,2020,44.351147
Nigeria,NGA,2021,45.449154
Nigeria,NGA,2022,46.570675
Niue,NIU,2000,100
Niue,NIU,2001,100
Niue,NIU,2002,100
Niue,NIU,2003,100
Niue,NIU,2004,100
Niue,NIU,2005,99.50206
Niue,NIU,2006,99.501236
Niue,NIU,2007,99.500404
Niue,NIU,2008,99.41576
Niue,NIU,2009,99.24989
Niue,NIU,2010,99.08402
Niue,NIU,2011,98.91816
Niue,NIU,2012,98.75229
Niue,NIU,2013,98.586426
Niue,NIU,2014,98.42056
Niue,NIU,2015,98.25469
Niue,NIU,2016,98.08883
Niue,NIU,2017,97.92296
Niue,NIU,2018,97.757095
Niue,NIU,2019,97.59123
Niue,NIU,2020,97.42536
Niue,NIU,2021,97.42536
Niue,NIU,2022,97.42536
North Korea,PRK,2002,75.19543
North Korea,PRK,2003,75.20582
North Korea,PRK,2004,75.216354
North Korea,PRK,2005,75.226746
North Korea,PRK,2006,75.23728
North Korea,PRK,2007,75.92378
North Korea,PRK,2008,76.61398
North Korea,PRK,2009,77.31904
North Korea,PRK,2010,78.03241
North Korea,PRK,2011,78.75
North Korea,PRK,2012,79.47228
North Korea,PRK,2013,80.19895
North Korea,PRK,2014,80.930176
North Korea,PRK,2015,81.66581
North Korea,PRK,2016,82.40861
North Korea,PRK,2017,83.15841
North Korea,PRK,2018,83.91557
North Korea,PRK,2019,84.61949
North Korea,PRK,2020,84.66547
North Korea,PRK,2021,84.71404
North Korea,PRK,2022,84.76504
North Macedonia,MKD,2000,88.64995
North Macedonia,MKD,2001,88.62522
North Macedonia,MKD,2002,88.6005
North Macedonia,MKD,2003,88.575775
North Macedonia,MKD,2004,88.550934
North Macedonia,MKD,2005,89.14414
North Macedonia,MKD,2006,89.74484
North Macedonia,MKD,2007,90.3526
North Macedonia,MKD,2008,90.966965
North Macedonia,MKD,2009,91.58757
North Macedonia,MKD,2010,92.21386
North Macedonia,MKD,2011,92.84544
North Macedonia,MKD,2012,93.48175
North Macedonia,MKD,2013,94.122375
North Macedonia,MKD,2014,94.76681
North Macedonia,MKD,2015,95.414406
North Macedonia,MKD,2016,96.06481
North Macedonia,MKD,2017,96.717445
North Macedonia,MKD,2018,97.32968
North Macedonia,MKD,2019,97.87917
North Macedonia,MKD,2020,98.427765
North Macedonia,MKD,2021,98.974815
North Macedonia,MKD,2022,98.981804
Northern Africa and Western Asia (SDG),,2000,78.254906
Northern Africa and Western Asia (SDG),,2001,78.53306
Northern Africa and Western Asia (SDG),,2002,78.97576
Northern Africa and Western Asia (SDG),,2003,79.451126
Northern Africa and Western Asia (SDG),,2004,79.91742
Northern Africa and Western Asia (SDG),,2005,80.54092
Northern Africa and Western Asia (SDG),,2006,81.200714
Northern Africa and Western Asia (SDG),,2007,81.87601
Northern Africa and Western Asia (SDG),,2008,82.516556
Northern Africa and Western Asia (SDG),,2009,83.133545
Northern Africa and Western Asia (SDG),,2010,83.74459
Northern Africa and Western Asia (SDG),,2011,84.34623
Northern Africa and Western Asia (SDG),,2012,84.91424
Northern Africa and Western Asia (SDG),,2013,85.488846
Northern Africa and Western Asia (SDG),,2014,86.040405
Northern Africa and Western Asia (SDG),,2015,86.57092
Northern Africa and Western Asia (SDG),,2016,87.06284
Northern Africa and Western Asia (SDG),,2017,87.42628
Northern Africa and Western Asia (SDG),,2018,87.76172
Northern Africa and Western Asia (SDG),,2019,88.047585
Northern Africa and Western Asia (SDG),,2020,88.221176
Northern Africa and Western Asia (SDG),,2021,92.89113
Northern Africa and Western Asia (SDG),,2022,92.92087
Northern Mariana Islands,MNP,2000,75.62825
Northern Mariana Islands,MNP,2001,75.84184
Northern Mariana Islands,MNP,2002,76.055435
Northern Mariana Islands,MNP,2003,76.26903
Northern Mariana Islands,MNP,2004,76.48262
Northern Mariana Islands,MNP,2005,76.69621
Northern Mariana Islands,MNP,2006,76.909805
Northern Mariana Islands,MNP,2007,77.1234
Northern Mariana Islands,MNP,2008,77.33699
Northern Mariana Islands,MNP,2009,77.55058
Northern Mariana Islands,MNP,2010,77.764175
Northern Mariana Islands,MNP,2011,77.97777
Northern Mariana Islands,MNP,2012,78.19136
Northern Mariana Islands,MNP,2013,78.40495
Northern Mariana Islands,MNP,2014,78.618546
Northern Mariana Islands,MNP,2015,78.83214
Northern Mariana Islands,MNP,2016,79.04573
Northern Mariana Islands,MNP,2017,79.25932
Northern Mariana Islands,MNP,2018,79.472916
Northern Mariana Islands,MNP,2019,79.68651
Northern Mariana Islands,MNP,2020,79.9001
Northern Mariana Islands,MNP,2021,80.11369
Northern Mariana Islands,MNP,2022,80.327286
Norway,NOR,2000,98.07194
Norway,NOR,2001,98.07086
Norway,NOR,2002,98.0698
Norway,NOR,2003,98.06875
Norway,NOR,2004,98.0678
Norway,NOR,2005,98.06697
Norway,NOR,2006,98.066154
Norway,NOR,2007,98.0653
Norway,NOR,2008,98.06442
Norway,NOR,2009,98.06355
Norway,NOR,2010,98.0627
Norway,NOR,2011,98.06163
Norway,NOR,2012,98.06038
Norway,NOR,2013,98.05914
Norway,NOR,2014,98.05792
Norway,NOR,2015,98.05673
Norway,NOR,2016,98.05554
Norway,NOR,2017,98.05439
Norway,NOR,2018,98.05325
Norway,NOR,2019,98.05215
Norway,NOR,2020,98.05108
Norway,NOR,2021,98.05003
Norway,NOR,2022,98.04901
Oceania (SDG),,2000,36.456497
Oceania (SDG),,2001,36.40833
Oceania (SDG),,2002,36.187733
Oceania (SDG),,2003,36.02018
Oceania (SDG),,2004,35.846848
Oceania (SDG),,2005,35.784836
Oceania (SDG),,2006,35.70039
Oceania (SDG),,2007,35.615986
Oceania (SDG),,2008,35.51684
Oceania (SDG),,2009,35.361927
Oceania (SDG),,2010,35.2127
Oceania (SDG),,2011,35.07895
Oceania (SDG),,2012,34.95857
Oceania (SDG),,2013,34.848316
Oceania (SDG),,2014,34.74584
Oceania (SDG),,2015,34.64047
Oceania (SDG),,2016,34.53178
Oceania (SDG),,2017,34.3904
Oceania (SDG),,2018,34.25905
Oceania (SDG),,2019,34.113144
Oceania (SDG),,2020,33.990395
Oceania (SDG),,2021,33.723812
Oceania (SDG),,2022,33.25236
Oman,OMN,2000,89.155846
Oman,OMN,2001,89.15279
Oman,OMN,2002,89.91163
Oman,OMN,2003,90.67089
Oman,OMN,2004,91.471565
Oman,OMN,2005,92.29376
Oman,OMN,2006,93.10328
Oman,OMN,2007,93.90021
Oman,OMN,2008,94.684784
Oman,OMN,2009,95.45707
Oman,OMN,2010,96.21749
Oman,OMN,2011,96.989586
Oman,OMN,2012,97.753395
Oman,OMN,2013,98.48642
Oman,OMN,2014,99.045456
Oman,OMN,2015,99.31901
Oman,OMN,2016,99.3193
Oman,OMN,2017,99.319565
Oman,OMN,2018,99.31981
Oman,OMN,2019,99.32004
Oman,OMN,2020,99.32025
Oman,OMN,2021,99.32044
Oman,OMN,2022,99.32062
Pakistan,PAK,2000,30.905792
Pakistan,PAK,2001,32.807667
Pakistan,PAK,2002,34.704456
Pakistan,PAK,2003,36.595158
Pakistan,PAK,2004,38.480217
Pakistan,PAK,2005,40.359158
Pakistan,PAK,2006,42.212906
Pakistan,PAK,2007,44.056473
Pakistan,PAK,2008,45.889484
Pakistan,PAK,2009,47.711998
Pakistan,PAK,2010,49.524406
Pakistan,PAK,2011,51.326725
Pakistan,PAK,2012,53.11896
Pakistan,PAK,2013,54.900513
Pakistan,PAK,2014,56.67206
Pakistan,PAK,2015,58.433605
Pakistan,PAK,2016,60.185173
Pakistan,PAK,2017,61.926506
Pakistan,PAK,2018,63.66155
Pakistan,PAK,2019,65.38994
Pakistan,PAK,2020,67.11104
Pakistan,PAK,2021,68.824265
Pakistan,PAK,2022,70.52882
Palau,PLW,2000,92.30552
Palau,PLW,2001,92.57327
Palau,PLW,2002,92.843925
Palau,PLW,2003,93.11749
Palau,PLW,2004,93.51618
Palau,PLW,2005,93.90362
Palau,PLW,2006,94.28037
Palau,PLW,2007,94.646454
Palau,PLW,2008,95.00229
Palau,PLW,2009,95.347824
Palau,PLW,2010,95.68347
Palau,PLW,2011,96.009315
Palau,PLW,2012,96.32582
Palau,PLW,2013,96.63292
Palau,PLW,2014,96.93103
Palau,PLW,2015,97.22038
Palau,PLW,2016,97.50065
Palau,PLW,2017,97.7723
Palau,PLW,2018,98.03585
Palau,PLW,2019,98.29177
Palau,PLW,2020,98.54059
Palau,PLW,2021,98.782684
Palau,PLW,2022,99.01851
Palestine,PSE,2000,90.33991
Palestine,PSE,2001,90.39238
Palestine,PSE,2002,90.44476
Palestine,PSE,2003,90.49698
Palestine,PSE,2004,90.97987
Palestine,PSE,2005,91.46209
Palestine,PSE,2006,91.94369
Palestine,PSE,2007,92.4247
Palestine,PSE,2008,92.90505
Palestine,PSE,2009,93.38502
Palestine,PSE,2010,93.86457
Palestine,PSE,2011,94.34364
Palestine,PSE,2012,94.82218
Palestine,PSE,2013,95.30015
Palestine,PSE,2014,95.77748
Palestine,PSE,2015,96.254135
Palestine,PSE,2016,96.73006
Palestine,PSE,2017,97.20523
Palestine,PSE,2018,97.67959
Palestine,PSE,2019,98.15311
Palestine,PSE,2020,98.62574
Palestine,PSE,2021,99.09744
Palestine,PSE,2022,99.441605
Panama,PAN,2000,62.367634
Panama,PAN,2001,63.096634
Panama,PAN,2002,64.171165
Panama,PAN,2003,65.25135
Panama,PAN,2004,66.33694
Panama,PAN,2005,67.42794
Panama,PAN,2006,68.52437
Panama,PAN,2007,69.62595
Panama,PAN,2008,70.73329
Panama,PAN,2009,71.84611
Panama,PAN,2010,72.96414
Panama,PAN,2011,74.09021
Panama,PAN,2012,75.22407
Panama,PAN,2013,76.365715
Panama,PAN,2014,77.51545
Panama,PAN,2015,78.67274
Panama,PAN,2016,79.837585
Panama,PAN,2017,81.0103
Panama,PAN,2018,82.19061
Panama,PAN,2019,83.378555
Panama,PAN,2020,84.57385
Panama,PAN,2021,85.77681
Panama,PAN,2022,85.879875
Papua New Guinea,PNG,2000,18.1421
Papua New Guinea,PNG,2001,18.132168
Papua New Guinea,PNG,2002,18.124039
Papua New Guinea,PNG,2003,18.115911
Papua New Guinea,PNG,2004,18.107334
Papua New Guinea,PNG,2005,18.214304
Papua New Guinea,PNG,2006,18.321505
Papua New Guinea,PNG,2007,18.428936
Papua New Guinea,PNG,2008,18.536596
Papua New Guinea,PNG,2009,18.583645
Papua New Guinea,PNG,2010,18.629944
Papua New Guinea,PNG,2011,18.675083
Papua New Guinea,PNG,2012,18.719877
Papua New Guinea,PNG,2013,18.769375
Papua New Guinea,PNG,2014,18.823277
Papua New Guinea,PNG,2015,18.881287
Papua New Guinea,PNG,2016,18.943111
Papua New Guinea,PNG,2017,19.008461
Papua New Guinea,PNG,2018,19.077404
Papua New Guinea,PNG,2019,19.149288
Papua New Guinea,PNG,2020,19.223833
Papua New Guinea,PNG,2021,19.26172
Papua New Guinea,PNG,2022,19.30473
Paraguay,PRY,2000,70.369965
Paraguay,PRY,2001,71.68837
Paraguay,PRY,2002,72.97978
Paraguay,PRY,2003,74.17675
Paraguay,PRY,2004,75.34846
Paraguay,PRY,2005,76.51007
Paraguay,PRY,2006,77.66138
Paraguay,PRY,2007,78.80244
Paraguay,PRY,2008,79.93355
Paraguay,PRY,2009,81.05453
Paraguay,PRY,2010,82.165436
Paraguay,PRY,2011,83.26636
Paraguay,PRY,2012,84.35751
Paraguay,PRY,2013,85.433716
Paraguay,PRY,2014,86.499214
Paraguay,PRY,2015,87.55615
Paraguay,PRY,2016,88.604706
Paraguay,PRY,2017,89.644684
Paraguay,PRY,2018,90.67739
Paraguay,PRY,2019,91.715675
Paraguay,PRY,2020,92.74628
Paraguay,PRY,2021,93.602745
Paraguay,PRY,2022,94.57275
Peru,PER,2000,64.10406
Peru,PER,2001,64.88412
Peru,PER,2002,65.65336
Peru,PER,2003,66.41234
Peru,PER,2004,67.16079
Peru,PER,2005,67.89846
Peru,PER,2006,68.62633
Peru,PER,2007,69.343735
Peru,PER,2008,70.003586
Peru,PER,2009,70.63616
Peru,PER,2010,71.26425
Peru,PER,2011,71.887184
Peru,PER,2012,72.505714
Peru,PER,2013,73.119194
Peru,PER,2014,73.72803
Peru,PER,2015,74.33255
Peru,PER,2016,74.932205
Peru,PER,2017,75.527336
Peru,PER,2018,76.11989
Peru,PER,2019,76.70944
Peru,PER,2020,77.296104
Peru,PER,2021,77.879486
Peru,PER,2022,78.45946
Philippines,PHL,2000,64.23493
Philippines,PHL,2001,64.66458
Philippines,PHL,2002,65.09507
Philippines,PHL,2003,65.52638
Philippines,PHL,2004,65.95853
Philippines,PHL,2005,66.3915
Philippines,PHL,2006,66.82531
Philippines,PHL,2007,67.85679
Philippines,PHL,2008,68.90063
Philippines,PHL,2009,69.956985
Philippines,PHL,2010,71.03098
Philippines,PHL,2011,72.14066
Philippines,PHL,2012,73.25699
Philippines,PHL,2013,74.37995
Philippines,PHL,2014,75.50928
Philippines,PHL,2015,76.64502
Philippines,PHL,2016,77.787
Philippines,PHL,2017,78.93576
Philippines,PHL,2018,80.09069
Philippines,PHL,2019,81.25103
Philippines,PHL,2020,82.416046
Philippines,PHL,2021,83.585014
Philippines,PHL,2022,84.757164
Poland,POL,2000,87.57455
Poland,POL,2001,88.256836
Poland,POL,2002,88.935356
Poland,POL,2003,89.59468
Poland,POL,2004,90.25626
Poland,POL,2005,90.92025
Poland,POL,2006,91.58675
Poland,POL,2007,92.25553
Poland,POL,2008,92.92665
Poland,POL,2009,93.600266
Poland,POL,2010,94.27628
Poland,POL,2011,94.95471
Poland,POL,2012,95.634995
Poland,POL,2013,96.318016
Poland,POL,2014,97.00371
Poland,POL,2015,97.6921
Poland,POL,2016,98.3831
Poland,POL,2017,98.79661
Poland,POL,2018,98.95542
Poland,POL,2019,98.957535
Poland,POL,2020,98.957504
Poland,POL,2021,98.95736
Poland,POL,2022,98.957085
Portugal,PRT,2000,97.53592
Portugal,PRT,2001,97.66663
Portugal,PRT,2002,97.795166
Portugal,PRT,2003,97.921974
Portugal,PRT,2004,98.04709
Portugal,PRT,2005,98.17043
Portugal,PRT,2006,98.29211
Portugal,PRT,2007,98.412056
Portugal,PRT,2008,98.530334
Portugal,PRT,2009,98.6469
Portugal,PRT,2010,98.76179
Portugal,PRT,2011,98.87503
Portugal,PRT,2012,98.9866
Portugal,PRT,2013,99.09654
Portugal,PRT,2014,99.20485
Portugal,PRT,2015,99.31157
Portugal,PRT,2016,99.41672
Portugal,PRT,2017,99.52031
Portugal,PRT,2018,99.610054
Portugal,PRT,2019,99.64512
Portugal,PRT,2020,99.66338
Portugal,PRT,2021,99.662315
Portugal,PRT,2022,99.661255
Puerto Rico,PRI,2000,97.62576
Puerto Rico,PRI,2001,97.80508
Puerto Rico,PRI,2002,97.9844
Puerto Rico,PRI,2003,98.16371
Puerto Rico,PRI,2004,98.343025
Puerto Rico,PRI,2005,98.52235
Puerto Rico,PRI,2006,98.70166
Puerto Rico,PRI,2007,98.880974
Puerto Rico,PRI,2008,99.060295
Puerto Rico,PRI,2009,99.23961
Puerto Rico,PRI,2010,99.41892
Puerto Rico,PRI,2011,99.59824
Puerto Rico,PRI,2012,99.77756
Puerto Rico,PRI,2013,99.95687
Puerto Rico,PRI,2014,100
Puerto Rico,PRI,2015,100
Puerto Rico,PRI,2016,100
Puerto Rico,PRI,2017,100
Puerto Rico,PRI,2018,100
Puerto Rico,PRI,2019,100
Puerto Rico,PRI,2020,100
Puerto Rico,PRI,2021,100
Puerto Rico,PRI,2022,100
Qatar,QAT,2000,99.93655
Qatar,QAT,2001,99.93655
Qatar,QAT,2002,99.93655
Qatar,QAT,2003,99.93655
Qatar,QAT,2004,99.93655
Qatar,QAT,2005,99.93655
Qatar,QAT,2006,99.93655
Qatar,QAT,2007,99.93655
Qatar,QAT,2008,99.93655
Qatar,QAT,2009,99.93655
Qatar,QAT,2010,99.93655
Qatar,QAT,2011,99.93655
Qatar,QAT,2012,99.93655
Qatar,QAT,2013,99.93655
Qatar,QAT,2014,99.93655
Qatar,QAT,2015,99.93655
Qatar,QAT,2016,99.93655
Qatar,QAT,2017,99.93655
Qatar,QAT,2018,99.93655
Qatar,QAT,2019,99.93655
Qatar,QAT,2020,99.93655
Qatar,QAT,2021,99.93655
Qatar,QAT,2022,99.93655
Reunion,REU,2001,99.06448
Reunion,REU,2002,99.06448
Reunion,REU,2003,99.06448
Reunion,REU,2004,99.06448
Reunion,REU,2005,99.06448
Reunion,REU,2006,99.090126
Reunion,REU,2007,99.11577
Reunion,REU,2008,99.14141
Reunion,REU,2009,99.16706
Reunion,REU,2010,99.1927
Reunion,REU,2011,99.218346
Reunion,REU,2012,99.24399
Reunion,REU,2013,99.26964
Reunion,REU,2014,99.29528
Reunion,REU,2015,99.32092
Reunion,REU,2016,99.346565
Reunion,REU,2017,99.372215
Reunion,REU,2018,99.39786
Reunion,REU,2019,99.4235
Reunion,REU,2020,99.44914
Reunion,REU,2021,99.47479
Reunion,REU,2022,99.47479
Romania,ROU,2001,74.44028
Romania,ROU,2002,74.41286
Romania,ROU,2003,74.463135
Romania,ROU,2004,74.51304
Romania,ROU,2005,74.562935
Romania,ROU,2006,75.452515
Romania,ROU,2007,76.33913
Romania,ROU,2008,77.22276
Romania,ROU,2009,78.10345
Romania,ROU,2010,78.98116
Romania,ROU,2011,79.85591
Romania,ROU,2012,80.6924
Romania,ROU,2013,81.51375
Romania,ROU,2014,82.335945
Romania,ROU,2015,83.165405
Romania,ROU,2016,84.00183
Romania,ROU,2017,84.8436
Romania,ROU,2018,85.69062
Romania,ROU,2019,86.54158
Romania,ROU,2020,87.39567
Romania,ROU,2021,88.25226
Romania,ROU,2022,88.28423
Russia,RUS,2000,84.604416
Russia,RUS,2001,84.80258
Russia,RUS,2002,85.00045
Russia,RUS,2003,85.210335
Russia,RUS,2004,85.42409
Russia,RUS,2005,85.63744
Russia,RUS,2006,85.8504
Russia,RUS,2007,86.06296
Russia,RUS,2008,86.275116
Russia,RUS,2009,86.48659
Russia,RUS,2010,86.697945
Russia,RUS,2011,86.90891
Russia,RUS,2012,87.12346
Russia,RUS,2013,87.34111
Russia,RUS,2014,87.56224
Russia,RUS,2015,87.786125
Russia,RUS,2016,88.01285
Russia,RUS,2017,88.24222
Russia,RUS,2018,88.4738
Russia,RUS,2019,88.70742
Russia,RUS,2020,88.9429
Russia,RUS,2021,89.18008
Russia,RUS,2022,89.418526
Rwanda,RWA,2000,44.905373
Rwanda,RWA,2001,46.474327
Rwanda,RWA,2002,48.013695
Rwanda,RWA,2003,49.4008
Rwanda,RWA,2004,50.768337
Rwanda,RWA,2005,52.135834
Rwanda,RWA,2006,53.50337
Rwanda,RWA,2007,54.87077
Rwanda,RWA,2008,56.238125
Rwanda,RWA,2009,57.60545
Rwanda,RWA,2010,58.972706
Rwanda,RWA,2011,60.33991
Rwanda,RWA,2012,61.707024
Rwanda,RWA,2013,63.074116
Rwanda,RWA,2014,64.43967
Rwanda,RWA,2015,65.80252
Rwanda,RWA,2016,67.16185
Rwanda,RWA,2017,68.51634
Rwanda,RWA,2018,69.864876
Rwanda,RWA,2019,71.20653
Rwanda,RWA,2020,72.539986
Rwanda,RWA,2021,73.864105
Rwanda,RWA,2022,73.82645
Saint Barthelemy,BLM,2000,99.142975
Saint Barthelemy,BLM,2001,99.142975
Saint Barthelemy,BLM,2002,99.142975
Saint Barthelemy,BLM,2003,99.142975
Saint Barthelemy,BLM,2004,99.142975
Saint Barthelemy,BLM,2005,99.20771
Saint Barthelemy,BLM,2006,99.272446
Saint Barthelemy,BLM,2007,99.33718
Saint Barthelemy,BLM,2008,99.40191
Saint Barthelemy,BLM,2009,99.466644
Saint Barthelemy,BLM,2010,99.53138
Saint Barthelemy,BLM,2011,99.596115
Saint Barthelemy,BLM,2012,99.66085
Saint Barthelemy,BLM,2013,99.725586
Saint Barthelemy,BLM,2014,99.79032
Saint Barthelemy,BLM,2015,99.85506
Saint Barthelemy,BLM,2016,99.91979
Saint Barthelemy,BLM,2017,99.98452
Saint Barthelemy,BLM,2018,100
Saint Barthelemy,BLM,2019,100
Saint Barthelemy,BLM,2020,100
Saint Barthelemy,BLM,2021,100
Saint Barthelemy,BLM,2022,100
Saint Helena,SHN,2002,98.875
Saint Helena,SHN,2003,98.875
Saint Helena,SHN,2004,98.875
Saint Helena,SHN,2005,98.875
Saint Helena,SHN,2006,98.875
Saint Helena,SHN,2007,98.9875
Saint Helena,SHN,2008,99.1
Saint Helena,SHN,2009,99.2125
Saint Helena,SHN,2010,99.325
Saint Helena,SHN,2011,99.4375
Saint Helena,SHN,2012,99.55
Saint Helena,SHN,2013,99.6625
Saint Helena,SHN,2014,99.775
Saint Helena,SHN,2015,99.8875
Saint Helena,SHN,2016,100
Saint Helena,SHN,2017,100
Saint Helena,SHN,2018,100
Saint Helena,SHN,2019,100
Saint Helena,SHN,2020,100
Saint Helena,SHN,2021,100
Saint Helena,SHN,2022,100
Saint Kitts and Nevis,KNA,2000,86.45087
Saint Kitts and Nevis,KNA,2001,87.10492
Saint Kitts and Nevis,KNA,2002,87.75897
Saint Kitts and Nevis,KNA,2003,88.41303
Saint Kitts and Nevis,KNA,2004,89.067085
Saint Kitts and Nevis,KNA,2005,89.721146
Saint Kitts and Nevis,KNA,2006,90.3752
Saint Kitts and Nevis,KNA,2007,91.02926
Saint Kitts and Nevis,KNA,2008,91.68331
Saint Kitts and Nevis,KNA,2009,92.33737
Saint Kitts and Nevis,KNA,2010,92.991425
Saint Kitts and Nevis,KNA,2011,93.645485
Saint Kitts and Nevis,KNA,2012,94.29954
Saint Kitts and Nevis,KNA,2013,94.9536
Saint Kitts and Nevis,KNA,2014,94.9536
Saint Kitts and Nevis,KNA,2015,94.9536
Saint Kitts and Nevis,KNA,2016,94.9536
Saint Kitts and Nevis,KNA,2017,94.9536
Saint Lucia,LCA,2000,84.97446
Saint Lucia,LCA,2001,84.980316
Saint Lucia,LCA,2002,85.00259
Saint Lucia,LCA,2003,85.024254
Saint Lucia,LCA,2004,84.831245
Saint Lucia,LCA,2005,84.63843
Saint Lucia,LCA,2006,84.446396
Saint Lucia,LCA,2007,84.25555
Saint Lucia,LCA,2008,84.066345
Saint Lucia,LCA,2009,83.87897
Saint Lucia,LCA,2010,83.68751
Saint Lucia,LCA,2011,83.45544
Saint Lucia,LCA,2012,83.21779
Saint Lucia,LCA,2013,82.973816
Saint Lucia,LCA,2014,82.72336
Saint Lucia,LCA,2015,82.913536
Saint Lucia,LCA,2016,83.103516
Saint Lucia,LCA,2017,83.257
Saint Lucia,LCA,2018,83.376
Saint Lucia,LCA,2019,83.37232
Saint Lucia,LCA,2020,83.3681
Saint Lucia,LCA,2021,83.36332
Saint Lucia,LCA,2022,83.35799
Saint Martin (French part),MAF,2000,99.10979
Saint Martin (French part),MAF,2001,99.10979
Saint Martin (French part),MAF,2002,99.10979
Saint Martin (French part),MAF,2003,99.10979
Saint Martin (French part),MAF,2004,99.10979
Saint Martin (French part),MAF,2005,99.1704
Saint Martin (French part),MAF,2006,99.23101
Saint Martin (French part),MAF,2007,99.29162
Saint Martin (French part),MAF,2008,99.35223
Saint Martin (French part),MAF,2009,99.41284
Saint Martin (French part),MAF,2010,99.47345
Saint Martin (French part),MAF,2011,99.53406
Saint Martin (French part),MAF,2012,99.594666
Saint Martin (French part),MAF,2013,99.65528
Saint Martin (French part),MAF,2014,99.71589
Saint Martin (French part),MAF,2015,99.7765
Saint Martin (French part),MAF,2016,99.837105
Saint Martin (French part),MAF,2017,99.89772
Saint Martin (French part),MAF,2018,99.95833
Saint Martin (French part),MAF,2019,100
Saint Martin (French part),MAF,2020,100
Saint Martin (French part),MAF,2021,100
Saint Martin (French part),MAF,2022,100
Saint Pierre and Miquelon,SPM,2000,99.96112
Saint Pierre and Miquelon,SPM,2001,99.96112
Saint Pierre and Miquelon,SPM,2002,99.96112
Saint Pierre and Miquelon,SPM,2003,99.96112
Saint Pierre and Miquelon,SPM,2004,99.96112
Saint Pierre and Miquelon,SPM,2005,99.958725
Saint Pierre and Miquelon,SPM,2006,99.95632
Saint Pierre and Miquelon,SPM,2007,99.953926
Saint Pierre and Miquelon,SPM,2008,99.95153
Saint Pierre and Miquelon,SPM,2009,99.94913
Saint Pierre and Miquelon,SPM,2010,99.94673
Saint Pierre and Miquelon,SPM,2011,99.944336
Saint Pierre and Miquelon,SPM,2012,99.94193
Saint Pierre and Miquelon,SPM,2013,99.93954
Saint Pierre and Miquelon,SPM,2014,99.93714
Saint Pierre and Miquelon,SPM,2015,99.93474
Saint Pierre and Miquelon,SPM,2016,99.93234
Saint Pierre and Miquelon,SPM,2017,99.92995
Saint Pierre and Miquelon,SPM,2018,99.92754
Saint Pierre and Miquelon,SPM,2019,99.92515
Saint Pierre and Miquelon,SPM,2020,99.92275
Saint Pierre and Miquelon,SPM,2021,99.92036
Saint Pierre and Miquelon,SPM,2022,99.92036
Saint Vincent and the Grenadines,VCT,2000,66.729454
Saint Vincent and the Grenadines,VCT,2001,68.29329
Saint Vincent and the Grenadines,VCT,2002,69.86859
Saint Vincent and the Grenadines,VCT,2003,71.45503
Saint Vincent and the Grenadines,VCT,2004,73.05254
Saint Vincent and the Grenadines,VCT,2005,74.660805
Saint Vincent and the Grenadines,VCT,2006,76.27974
Saint Vincent and the Grenadines,VCT,2007,77.9089
Saint Vincent and the Grenadines,VCT,2008,79.54833
Saint Vincent and the Grenadines,VCT,2009,81.19771
Saint Vincent and the Grenadines,VCT,2010,82.856834
Saint Vincent and the Grenadines,VCT,2011,84.5255
Saint Vincent and the Grenadines,VCT,2012,86.2035
Saint Vincent and the Grenadines,VCT,2013,87.89055
Saint Vincent and the Grenadines,VCT,2014,89.5866
Saint Vincent and the Grenadines,VCT,2015,89.61494
Saint Vincent and the Grenadines,VCT,2016,89.643486
Saint Vincent and the Grenadines,VCT,2017,89.67217
Saint Vincent and the Grenadines,VCT,2018,89.701065
Samoa,WSM,2000,91.55052
Samoa,WSM,2001,91.55192
Samoa,WSM,2002,91.54998
Samoa,WSM,2003,91.54625
Samoa,WSM,2004,91.54255
Samoa,WSM,2005,91.88973
Samoa,WSM,2006,92.23782
Samoa,WSM,2007,92.586876
Samoa,WSM,2008,92.93687
Samoa,WSM,2009,93.287735
Samoa,WSM,2010,93.639496
Samoa,WSM,2011,93.99213
Samoa,WSM,2012,94.34551
Samoa,WSM,2013,94.69976
Samoa,WSM,2014,95.05492
Samoa,WSM,2015,95.41097
Samoa,WSM,2016,95.76794
Samoa,WSM,2017,96.12581
Samoa,WSM,2018,96.4846
Samoa,WSM,2019,96.84426
Samoa,WSM,2020,97.20473
Samoa,WSM,2021,97.565956
Samoa,WSM,2022,97.927864
San Marino,SMR,2000,100
San Marino,SMR,2001,100
San Marino,SMR,2002,100
San Marino,SMR,2003,100
San Marino,SMR,2004,100
San Marino,SMR,2005,100
San Marino,SMR,2006,100
San Marino,SMR,2007,100
San Marino,SMR,2008,100
San Marino,SMR,2009,100
San Marino,SMR,2010,100
San Marino,SMR,2011,100
San Marino,SMR,2012,100
San Marino,SMR,2013,100
San Marino,SMR,2014,100
San Marino,SMR,2015,100
San Marino,SMR,2016,100
San Marino,SMR,2017,100
San Marino,SMR,2018,100
San Marino,SMR,2019,100
San Marino,SMR,2020,100
San Marino,SMR,2021,100
San Marino,SMR,2022,100
Sao Tome and Principe,STP,2000,20.622463
Sao Tome and Principe,STP,2001,21.758127
Sao Tome and Principe,STP,2002,22.92814
Sao Tome and Principe,STP,2003,24.105694
Sao Tome and Principe,STP,2004,25.285395
Sao Tome and Principe,STP,2005,26.579102
Sao Tome and Principe,STP,2006,27.88093
Sao Tome and Principe,STP,2007,29.190092
Sao Tome and Principe,STP,2008,30.505816
Sao Tome and Principe,STP,2009,31.826778
Sao Tome and Principe,STP,2010,33.152817
Sao Tome and Principe,STP,2011,34.482944
Sao Tome and Principe,STP,2012,35.816742
Sao Tome and Principe,STP,2013,37.14938
Sao Tome and Principe,STP,2014,38.4812
Sao Tome and Principe,STP,2015,39.81179
Sao Tome and Principe,STP,2016,41.14102
Sao Tome and Principe,STP,2017,42.468838
Sao Tome and Principe,STP,2018,43.795197
Sao Tome and Principe,STP,2019,45.120102
Sao Tome and Principe,STP,2020,46.44358
Sao Tome and Principe,STP,2021,47.76582
Sao Tome and Principe,STP,2022,47.842648
Saudi Arabia,SAU,2000,95.168015
Saudi Arabia,SAU,2001,95.17647
Saudi Arabia,SAU,2002,95.18484
Saudi Arabia,SAU,2003,95.19317
Saudi Arabia,SAU,2004,95.20143
Saudi Arabia,SAU,2005,95.20973
Saudi Arabia,SAU,2006,95.21803
Saudi Arabia,SAU,2007,95.22626
Saudi Arabia,SAU,2008,95.23445
Saudi Arabia,SAU,2009,95.24249
Saudi Arabia,SAU,2010,95.250496
Saudi Arabia,SAU,2011,95.25854
Saudi Arabia,SAU,2012,95.26658
Saudi Arabia,SAU,2013,95.2747
Saudi Arabia,SAU,2014,95.282814
Saudi Arabia,SAU,2015,95.290924
Saudi Arabia,SAU,2016,95.29908
Saudi Arabia,SAU,2017,95.30723
Saudi Arabia,SAU,2018,95.31542
Saudi Arabia,SAU,2019,95.32358
Saudi Arabia,SAU,2020,95.331764
Saudi Arabia,SAU,2021,95.33991
Saudi Arabia,SAU,2022,95.34807
Senegal,SEN,2000,36.840363
Senegal,SEN,2001,37.8255
Senegal,SEN,2002,38.81865
Senegal,SEN,2003,39.869656
Senegal,SEN,2004,40.963303
Senegal,SEN,2005,42.054478
Senegal,SEN,2006,43.14375
Senegal,SEN,2007,44.230587
Senegal,SEN,2008,45.31484
Senegal,SEN,2009,46.396015
Senegal,SEN,2010,47.47462
Senegal,SEN,2011,48.550148
Senegal,SEN,2012,49.62215
Senegal,SEN,2013,50.690777
Senegal,SEN,2014,51.755863
Senegal,SEN,2015,52.81938
Senegal,SEN,2016,53.88068
Senegal,SEN,2017,54.93987
Senegal,SEN,2018,55.99604
Senegal,SEN,2019,57.049034
Senegal,SEN,2020,58.098213
Senegal,SEN,2021,59.14338
Senegal,SEN,2022,60.183914
Serbia,SRB,2000,95.51841
Serbia,SRB,2001,95.51504
Serbia,SRB,2002,95.51203
Serbia,SRB,2003,95.50938
Serbia,SRB,2004,95.50713
Serbia,SRB,2005,95.67314
Serbia,SRB,2006,95.83953
Serbia,SRB,2007,96.00633
Serbia,SRB,2008,96.17349
Serbia,SRB,2009,96.34104
Serbia,SRB,2010,96.50896
Serbia,SRB,2011,96.677284
Serbia,SRB,2012,96.843346
Serbia,SRB,2013,97.0087
Serbia,SRB,2014,97.17428
Serbia,SRB,2015,97.34002
Serbia,SRB,2016,97.50599
Serbia,SRB,2017,97.67284
Serbia,SRB,2018,97.840614
Serbia,SRB,2019,97.89702
Serbia,SRB,2020,97.89866
Serbia,SRB,2021,97.90138
Serbia,SRB,2022,97.910416
Seychelles,SYC,2000,95.42113
Seychelles,SYC,2001,95.66373
Seychelles,SYC,2002,95.90632
Seychelles,SYC,2003,96.14892
Seychelles,SYC,2004,96.39152
Seychelles,SYC,2005,96.63411
Seychelles,SYC,2006,96.87671
Seychelles,SYC,2007,97.1193
Seychelles,SYC,2008,97.3619
Seychelles,SYC,2009,97.60449
Seychelles,SYC,2010,97.84709
Seychelles,SYC,2011,98.08968
Seychelles,SYC,2012,98.33228
Seychelles,SYC,2013,98.574875
Seychelles,SYC,2014,98.817474
Seychelles,SYC,2015,99.06007
Seychelles,SYC,2016,99.15259
Seychelles,SYC,2017,99.16423
Seychelles,SYC,2018,99.17583
Seychelles,SYC,2019,100
Seychelles,SYC,2020,100
Seychelles,SYC,2021,100
Seychelles,SYC,2022,100
Sierra Leone,SLE,2000,7.6946874
Sierra Leone,SLE,2001,7.926171
Sierra Leone,SLE,2002,8.158258
Sierra Leone,SLE,2003,8.390952
Sierra Leone,SLE,2004,8.949547
Sierra Leone,SLE,2005,9.5386505
Sierra Leone,SLE,2006,10.156651
Sierra Leone,SLE,2007,10.795603
Sierra Leone,SLE,2008,11.45551
Sierra Leone,SLE,2009,12.136221
Sierra Leone,SLE,2010,12.837726
Sierra Leone,SLE,2011,13.56018
Sierra Leone,SLE,2012,14.303586
Sierra Leone,SLE,2013,15.067604
Sierra Leone,SLE,2014,15.852563
Sierra Leone,SLE,2015,16.658285
Sierra Leone,SLE,2016,17.484947
Sierra Leone,SLE,2017,18.333858
Sierra Leone,SLE,2018,19.205484
Sierra Leone,SLE,2019,20.09974
Sierra Leone,SLE,2020,21.016712
Sierra Leone,SLE,2021,21.9565
Sierra Leone,SLE,2022,22.919188
Singapore,SGP,2000,100
Singapore,SGP,2001,100
Singapore,SGP,2002,100
Singapore,SGP,2003,100
Singapore,SGP,2004,100
Singapore,SGP,2005,100
Singapore,SGP,2006,100
Singapore,SGP,2007,100
Singapore,SGP,2008,100
Singapore,SGP,2009,100
Singapore,SGP,2010,100
Singapore,SGP,2011,100
Singapore,SGP,2012,100
Singapore,SGP,2013,100
Singapore,SGP,2014,100
Singapore,SGP,2015,100
Singapore,SGP,2016,100
Singapore,SGP,2017,100
Singapore,SGP,2018,100
Singapore,SGP,2019,100
Singapore,SGP,2020,100
Singapore,SGP,2021,100
Singapore,SGP,2022,100
Sint Maarten (Dutch part),SXM,2000,98.38442
Sint Maarten (Dutch part),SXM,2001,98.41493
Sint Maarten (Dutch part),SXM,2002,98.44544
Sint Maarten (Dutch part),SXM,2003,98.475945
Sint Maarten (Dutch part),SXM,2004,98.506454
Sint Maarten (Dutch part),SXM,2005,98.536964
Sint Maarten (Dutch part),SXM,2006,98.567474
Sint Maarten (Dutch part),SXM,2007,98.59798
Sint Maarten (Dutch part),SXM,2008,98.62849
Sint Maarten (Dutch part),SXM,2009,98.659
Sint Maarten (Dutch part),SXM,2010,98.68951
Sint Maarten (Dutch part),SXM,2011,98.72001
Sint Maarten (Dutch part),SXM,2012,98.75052
Sint Maarten (Dutch part),SXM,2013,98.78103
Sint Maarten (Dutch part),SXM,2014,98.78103
Sint Maarten (Dutch part),SXM,2015,98.78103
Sint Maarten (Dutch part),SXM,2016,98.78103
Sint Maarten (Dutch part),SXM,2017,98.78103
Slovakia,SVK,2000,99.82495
Slovakia,SVK,2001,99.8324
Slovakia,SVK,2002,99.834854
Slovakia,SVK,2003,99.66092
Slovakia,SVK,2004,99.46972
Slovakia,SVK,2005,99.27787
Slovakia,SVK,2006,99.08536
Slovakia,SVK,2007,98.89217
Slovakia,SVK,2008,98.69834
Slovakia,SVK,2009,98.50384
Slovakia,SVK,2010,98.30654
Slovakia,SVK,2011,98.10826
Slovakia,SVK,2012,97.91151
Slovakia,SVK,2013,97.71413
Slovakia,SVK,2014,97.51613
Slovakia,SVK,2015,97.52083
Slovakia,SVK,2016,97.52625
Slovakia,SVK,2017,97.5324
Slovakia,SVK,2018,97.53177
Slovakia,SVK,2019,97.531845
Slovakia,SVK,2020,97.53263
Slovakia,SVK,2021,97.53413
Slovakia,SVK,2022,97.53636
Slovenia,SVN,2000,99.11167
Slovenia,SVN,2001,99.11167
Slovenia,SVN,2002,99.11167
Slovenia,SVN,2003,99.11167
Slovenia,SVN,2004,99.11167
Slovenia,SVN,2005,99.11167
Slovenia,SVN,2006,99.11167
Slovenia,SVN,2007,99.058304
Slovenia,SVN,2008,99.00494
Slovenia,SVN,2009,98.95157
Slovenia,SVN,2010,98.8982
Slovenia,SVN,2011,98.84483
Slovenia,SVN,2012,98.791466
Slovenia,SVN,2013,98.7381
Slovenia,SVN,2014,98.68473
Slovenia,SVN,2015,98.63136
Slovenia,SVN,2016,98.577995
Slovenia,SVN,2017,98.52463
Slovenia,SVN,2018,98.47126
Slovenia,SVN,2019,98.41789
Slovenia,SVN,2020,98.364525
Slovenia,SVN,2021,98.31116
Slovenia,SVN,2022,98.31116
Small Island Developing States,,2000,64.615204
Small Island Developing States,,2001,64.82101
Small Island Developing States,,2002,64.515465
Small Island Developing States,,2003,64.70655
Small Island Developing States,,2004,64.89283
Small Island Developing States,,2005,65.17544
Small Island Developing States,,2006,65.48523
Small Island Developing States,,2007,65.81061
Small Island Developing States,,2008,66.13271
Small Island Developing States,,2009,66.477715
Small Island Developing States,,2010,66.804085
Small Island Developing States,,2011,67.10729
Small Island Developing States,,2012,67.378395
Small Island Developing States,,2013,67.64914
Small Island Developing States,,2014,67.89779
Small Island Developing States,,2015,68.14923
Small Island Developing States,,2016,68.383194
Small Island Developing States,,2017,68.59989
Small Island Developing States,,2018,67.425934
Small Island Developing States,,2019,67.685524
Small Island Developing States,,2020,67.579094
Small Island Developing States,,2021,67.649315
Small Island Developing States,,2022,67.617905
Solomon Islands,SLB,2000,20.434998
Solomon Islands,SLB,2001,20.62504
Solomon Islands,SLB,2002,20.819002
Solomon Islands,SLB,2003,21.016882
Solomon Islands,SLB,2004,21.21868
Solomon Islands,SLB,2005,22.133095
Solomon Islands,SLB,2006,23.05825
Solomon Islands,SLB,2007,23.994339
Solomon Islands,SLB,2008,24.942078
Solomon Islands,SLB,2009,25.900618
Solomon Islands,SLB,2010,26.870668
Solomon Islands,SLB,2011,27.848602
Solomon Islands,SLB,2012,28.834991
Solomon Islands,SLB,2013,29.829325
Solomon Islands,SLB,2014,30.831057
Solomon Islands,SLB,2015,31.840769
Solomon Islands,SLB,2016,32.75394
Solomon Islands,SLB,2017,33.528355
Solomon Islands,SLB,2018,34.22833
Solomon Islands,SLB,2019,34.492413
Solomon Islands,SLB,2020,34.755924
Solomon Islands,SLB,2021,35.01829
Somalia,SOM,2000,20.173317
Somalia,SOM,2001,20.776138
Somalia,SOM,2002,21.378475
Somalia,SOM,2003,22.131367
Somalia,SOM,2004,22.884298
Somalia,SOM,2005,23.865217
Somalia,SOM,2006,24.863111
Somalia,SOM,2007,24.56039
Somalia,SOM,2008,25.90049
Somalia,SOM,2009,27.257647
Somalia,SOM,2010,28.631907
Somalia,SOM,2011,30.019583
Somalia,SOM,2012,31.004276
Somalia,SOM,2013,32.000988
Somalia,SOM,2014,33.010014
Somalia,SOM,2015,34.031258
Somalia,SOM,2016,35.064613
Somalia,SOM,2017,36.109264
Somalia,SOM,2018,37.165073
Somalia,SOM,2019,38.230907
Somalia,SOM,2020,39.306618
Somalia,SOM,2021,40.39141
Somalia,SOM,2022,40.5758
South Africa,ZAF,2000,59.541073
South Africa,ZAF,2001,60.415142
South Africa,ZAF,2002,61.29867
South Africa,ZAF,2003,62.18153
South Africa,ZAF,2004,63.058666
South Africa,ZAF,2005,63.929226
South Africa,ZAF,2006,64.79351
South Africa,ZAF,2007,65.651344
South Africa,ZAF,2008,66.50274
South Africa,ZAF,2009,67.34683
South Africa,ZAF,2010,68.18401
South Africa,ZAF,2011,69.01399
South Africa,ZAF,2012,69.83676
South Africa,ZAF,2013,70.651825
South Africa,ZAF,2014,71.459435
South Africa,ZAF,2015,72.25935
South Africa,ZAF,2016,73.05147
South Africa,ZAF,2017,73.8356
South Africa,ZAF,2018,74.61168
South Africa,ZAF,2019,75.37965
South Africa,ZAF,2020,76.13946
South Africa,ZAF,2021,76.89099
South Africa,ZAF,2022,77.63425
South Korea,KOR,2000,100
South Korea,KOR,2001,100
South Korea,KOR,2002,100
South Korea,KOR,2003,100
South Korea,KOR,2004,100
South Korea,KOR,2005,100
South Korea,KOR,2006,100
South Korea,KOR,2007,100
South Korea,KOR,2008,99.99052
South Korea,KOR,2009,99.9781
South Korea,KOR,2010,99.9657
South Korea,KOR,2011,99.953285
South Korea,KOR,2012,99.94088
South Korea,KOR,2013,99.92847
South Korea,KOR,2014,99.91606
South Korea,KOR,2015,99.90365
South Korea,KOR,2016,99.891235
South Korea,KOR,2017,99.87883
South Korea,KOR,2018,99.86642
South Korea,KOR,2019,99.85401
South Korea,KOR,2020,99.8416
South Korea,KOR,2021,99.82919
South Korea,KOR,2022,99.81678
South Sudan,SSD,2011,6.868187
South Sudan,SSD,2012,7.802378
South Sudan,SSD,2013,8.783812
South Sudan,SSD,2014,9.813755
South Sudan,SSD,2015,10.893996
South Sudan,SSD,2016,12.02581
South Sudan,SSD,2017,13.210725
South Sudan,SSD,2018,14.450636
South Sudan,SSD,2019,15.747277
South Sudan,SSD,2020,15.844817
South Sudan,SSD,2021,15.947234
South Sudan,SSD,2022,16.05518
South-east Asia (WHO),,2000,24.510658
South-east Asia (WHO),,2001,26.725145
South-east Asia (WHO),,2002,29.2429
South-east Asia (WHO),,2003,31.596104
South-east Asia (WHO),,2004,33.96988
South-east Asia (WHO),,2005,36.371353
South-east Asia (WHO),,2006,38.797413
South-east Asia (WHO),,2007,41.25591
South-east Asia (WHO),,2008,43.734203
South-east Asia (WHO),,2009,46.229244
South-east Asia (WHO),,2010,48.73943
South-east Asia (WHO),,2011,51.263386
South-east Asia (WHO),,2012,53.8059
South-east Asia (WHO),,2013,56.36427
South-east Asia (WHO),,2014,58.938984
South-east Asia (WHO),,2015,61.529037
South-east Asia (WHO),,2016,64.13189
South-east Asia (WHO),,2017,66.68419
South-east Asia (WHO),,2018,69.19132
South-east Asia (WHO),,2019,71.69761
South-east Asia (WHO),,2020,74.19477
South-east Asia (WHO),,2021,76.69096
South-east Asia (WHO),,2022,78.99065
Spain,ESP,2000,99.81338
Spain,ESP,2001,99.81324
Spain,ESP,2002,99.82037
Spain,ESP,2003,99.82743
Spain,ESP,2004,99.83451
Spain,ESP,2005,99.841606
Spain,ESP,2006,99.84873
Spain,ESP,2007,99.85587
Spain,ESP,2008,99.863045
Spain,ESP,2009,99.870224
Spain,ESP,2010,99.87743
Spain,ESP,2011,99.88467
Spain,ESP,2012,99.89191
Spain,ESP,2013,99.89917
Spain,ESP,2014,99.90609
Spain,ESP,2015,99.912476
Spain,ESP,2016,99.918884
Spain,ESP,2017,99.91984
Spain,ESP,2018,99.91959
Spain,ESP,2019,99.91936
Spain,ESP,2020,99.919106
Spain,ESP,2021,99.91886
Spain,ESP,2022,99.91862
Sri Lanka,LKA,2000,76.76846
Sri Lanka,LKA,2001,77.56523
Sri Lanka,LKA,2002,78.365395
Sri Lanka,LKA,2003,79.168915
Sri Lanka,LKA,2004,79.97582
Sri Lanka,LKA,2005,80.78613
Sri Lanka,LKA,2006,81.59981
Sri Lanka,LKA,2007,82.41688
Sri Lanka,LKA,2008,83.23733
Sri Lanka,LKA,2009,84.06116
Sri Lanka,LKA,2010,84.888374
Sri Lanka,LKA,2011,85.71897
Sri Lanka,LKA,2012,86.55296
Sri Lanka,LKA,2013,87.39031
Sri Lanka,LKA,2014,88.23107
Sri Lanka,LKA,2015,89.0753
Sri Lanka,LKA,2016,89.92305
Sri Lanka,LKA,2017,90.774376
Sri Lanka,LKA,2018,91.62932
Sri Lanka,LKA,2019,92.48794
Sri Lanka,LKA,2020,93.35029
Sri Lanka,LKA,2021,94.216415
Sri Lanka,LKA,2022,95.08636
Sub-Saharan Africa (SDG),,2000,22.24768
Sub-Saharan Africa (SDG),,2001,22.666962
Sub-Saharan Africa (SDG),,2002,23.147814
Sub-Saharan Africa (SDG),,2003,23.641006
Sub-Saharan Africa (SDG),,2004,24.143904
Sub-Saharan Africa (SDG),,2005,24.691767
Sub-Saharan Africa (SDG),,2006,25.26068
Sub-Saharan Africa (SDG),,2007,25.807161
Sub-Saharan Africa (SDG),,2008,26.392204
Sub-Saharan Africa (SDG),,2009,26.989933
Sub-Saharan Africa (SDG),,2010,27.594034
Sub-Saharan Africa (SDG),,2011,27.952282
Sub-Saharan Africa (SDG),,2012,28.563726
Sub-Saharan Africa (SDG),,2013,29.185757
Sub-Saharan Africa (SDG),,2014,29.82616
Sub-Saharan Africa (SDG),,2015,30.483858
Sub-Saharan Africa (SDG),,2016,31.11666
Sub-Saharan Africa (SDG),,2017,31.790762
Sub-Saharan Africa (SDG),,2018,32.303646
Sub-Saharan Africa (SDG),,2019,32.935715
Sub-Saharan Africa (SDG),,2020,33.544933
Sub-Saharan Africa (SDG),,2021,34.109554
Sub-Saharan Africa (SDG),,2022,34.657825
Sudan,SDN,2000,20.591942
Sudan,SDN,2001,20.60757
Sudan,SDN,2002,20.6232
Sudan,SDN,2003,20.638828
Sudan,SDN,2004,20.654455
Sudan,SDN,2005,21.851755
Sudan,SDN,2006,23.049473
Sudan,SDN,2007,24.329601
Sudan,SDN,2008,25.617605
Sudan,SDN,2009,26.920193
Sudan,SDN,2010,28.238045
Sudan,SDN,2011,29.57155
Sudan,SDN,2012,30.920757
Sudan,SDN,2013,32.286392
Sudan,SDN,2014,33.668518
Sudan,SDN,2015,35.068237
Sudan,SDN,2016,36.485626
Sudan,SDN,2017,36.57503
Sudan,SDN,2018,36.6727
Sudan,SDN,2019,36.77826
Sudan,SDN,2020,36.892082
Suriname,SUR,2000,78.02612
Suriname,SUR,2001,78.34981
Suriname,SUR,2002,78.67248
Suriname,SUR,2003,78.99357
Suriname,SUR,2004,79.31336
Suriname,SUR,2005,79.945435
Suriname,SUR,2006,80.57861
Suriname,SUR,2007,81.21583
Suriname,SUR,2008,81.857346
Suriname,SUR,2009,82.50342
Suriname,SUR,2010,83.1536
Suriname,SUR,2011,83.80815
Suriname,SUR,2012,84.46708
Suriname,SUR,2013,85.13042
Suriname,SUR,2014,85.80111
Suriname,SUR,2015,86.47886
Suriname,SUR,2016,87.16301
Suriname,SUR,2017,87.85309
Suriname,SUR,2018,88.54872
Suriname,SUR,2019,89.249146
Suriname,SUR,2020,89.95421
Suriname,SUR,2021,89.96224
Suriname,SUR,2022,89.97234
Sweden,SWE,2000,99.2071
Sweden,SWE,2001,99.19317
Sweden,SWE,2002,99.17742
Sweden,SWE,2003,99.16164
Sweden,SWE,2004,99.14582
Sweden,SWE,2005,99.12997
Sweden,SWE,2006,99.11413
Sweden,SWE,2007,99.09826
Sweden,SWE,2008,99.08229
Sweden,SWE,2009,99.066246
Sweden,SWE,2010,99.050095
Sweden,SWE,2011,99.03382
Sweden,SWE,2012,99.01735
Sweden,SWE,2013,99.0007
Sweden,SWE,2014,98.983864
Sweden,SWE,2015,98.966866
Sweden,SWE,2016,98.94971
Sweden,SWE,2017,98.93238
Sweden,SWE,2018,98.91491
Sweden,SWE,2019,98.89729
Sweden,SWE,2020,98.87955
Sweden,SWE,2021,98.861664
Sweden,SWE,2022,98.86082
Switzerland,CHE,2000,99.880974
Switzerland,CHE,2001,99.88097
Switzerland,CHE,2002,99.88098
Switzerland,CHE,2003,99.881004
Switzerland,CHE,2004,99.88102
Switzerland,CHE,2005,99.88104
Switzerland,CHE,2006,99.88106
Switzerland,CHE,2007,99.88107
Switzerland,CHE,2008,99.881096
Switzerland,CHE,2009,99.88111
Switzerland,CHE,2010,99.88113
Switzerland,CHE,2011,99.884
Switzerland,CHE,2012,99.88687
Switzerland,CHE,2013,99.88973
Switzerland,CHE,2014,99.892586
Switzerland,CHE,2015,99.89544
Switzerland,CHE,2016,99.89829
Switzerland,CHE,2017,99.89987
Switzerland,CHE,2018,99.89987
Switzerland,CHE,2019,99.89987
Switzerland,CHE,2020,99.89987
Switzerland,CHE,2021,99.89987
Switzerland,CHE,2022,99.89988
Syria,SYR,2000,88.43625
Syria,SYR,2001,88.59343
Syria,SYR,2002,88.74929
Syria,SYR,2003,88.90366
Syria,SYR,2004,89.056725
Syria,SYR,2005,89.4009
Syria,SYR,2006,89.74382
Syria,SYR,2007,90.085594
Syria,SYR,2008,90.426094
Syria,SYR,2009,90.76525
Syria,SYR,2010,91.10323
Syria,SYR,2011,91.36616
Syria,SYR,2012,91.63466
Syria,SYR,2013,91.909
Syria,SYR,2014,92.18913
Syria,SYR,2015,92.548325
Syria,SYR,2016,92.90464
Syria,SYR,2017,93.25803
Syria,SYR,2018,93.60847
Syria,SYR,2019,93.95593
Syria,SYR,2020,94.30038
Syria,SYR,2021,94.64183
Syria,SYR,2022,94.98032
Tajikistan,TJK,2000,89.90724
Tajikistan,TJK,2001,90.22558
Tajikistan,TJK,2002,90.54389
Tajikistan,TJK,2003,90.8622
Tajikistan,TJK,2004,91.231224
Tajikistan,TJK,2005,91.60073
Tajikistan,TJK,2006,91.97069
Tajikistan,TJK,2007,92.3411
Tajikistan,TJK,2008,92.711975
Tajikistan,TJK,2009,93.0833
Tajikistan,TJK,2010,93.45508
Tajikistan,TJK,2011,93.82731
Tajikistan,TJK,2012,94.19984
Tajikistan,TJK,2013,94.57241
Tajikistan,TJK,2014,94.94473
Tajikistan,TJK,2015,95.31654
Tajikistan,TJK,2016,95.687546
Tajikistan,TJK,2017,96.05746
Tajikistan,TJK,2018,96.42603
Tajikistan,TJK,2019,96.77256
Tajikistan,TJK,2020,96.76532
Tajikistan,TJK,2021,96.757225
Tajikistan,TJK,2022,96.74833
Tanzania,TZA,2000,6.4545574
Tanzania,TZA,2001,7.6654744
Tanzania,TZA,2002,8.8856535
Tanzania,TZA,2003,10.136237
Tanzania,TZA,2004,11.3353
Tanzania,TZA,2005,12.533823
Tanzania,TZA,2006,13.731761
Tanzania,TZA,2007,14.928798
Tanzania,TZA,2008,16.125036
Tanzania,TZA,2009,17.319624
Tanzania,TZA,2010,18.512974
Tanzania,TZA,2011,19.70431
Tanzania,TZA,2012,20.893717
Tanzania,TZA,2013,22.080317
Tanzania,TZA,2014,23.263107
Tanzania,TZA,2015,24.441645
Tanzania,TZA,2016,25.61502
Tanzania,TZA,2017,26.78297
Tanzania,TZA,2018,27.944765
Tanzania,TZA,2019,29.099388
Tanzania,TZA,2020,30.2468
Tanzania,TZA,2021,30.432247
Tanzania,TZA,2022,30.61795
Thailand,THA,2000,92.41344
Thailand,THA,2001,92.68899
Thailand,THA,2002,92.96899
Thailand,THA,2003,93.25367
Thailand,THA,2004,93.543175
Thailand,THA,2005,93.837814
Thailand,THA,2006,94.13754
Thailand,THA,2007,94.44258
Thailand,THA,2008,94.75303
Thailand,THA,2009,95.06909
Thailand,THA,2010,95.39078
Thailand,THA,2011,95.725174
Thailand,THA,2012,96.06463
Thailand,THA,2013,96.407524
Thailand,THA,2014,96.75388
Thailand,THA,2015,97.10371
Thailand,THA,2016,97.45533
Thailand,THA,2017,97.79091
Thailand,THA,2018,98.12521
Thailand,THA,2019,98.420525
Thailand,THA,2020,98.71312
Thailand,THA,2021,99.00732
Thailand,THA,2022,99.015625
Togo,TGO,2000,9.602941
Togo,TGO,2001,9.885648
Togo,TGO,2002,10.170421
Togo,TGO,2003,10.45706
Togo,TGO,2004,10.74558
Togo,TGO,2005,11.177305
Togo,TGO,2006,11.619552
Togo,TGO,2007,12.072226
Togo,TGO,2008,12.535453
Togo,TGO,2009,13.008256
Togo,TGO,2010,13.491417
Togo,TGO,2011,13.989317
Togo,TGO,2012,14.499896
Togo,TGO,2013,15.019925
Togo,TGO,2014,15.549742
Togo,TGO,2015,16.089233
Togo,TGO,2016,16.639202
Togo,TGO,2017,17.199312
Togo,TGO,2018,17.769453
Togo,TGO,2019,18.34951
Togo,TGO,2020,18.939371
Togo,TGO,2021,19.067928
Togo,TGO,2022,19.197638
Tokelau,TKL,2000,76.755745
Tokelau,TKL,2001,76.755745
Tokelau,TKL,2002,76.755745
Tokelau,TKL,2003,76.755745
Tokelau,TKL,2004,76.755745
Tokelau,TKL,2005,78.31769
Tokelau,TKL,2006,79.883865
Tokelau,TKL,2007,81.454285
Tokelau,TKL,2008,83.02894
Tokelau,TKL,2009,84.60783
Tokelau,TKL,2010,86.19095
Tokelau,TKL,2011,87.778305
Tokelau,TKL,2012,89.3699
Tokelau,TKL,2013,90.96574
Tokelau,TKL,2014,92.5658
Tokelau,TKL,2015,94.170105
Tokelau,TKL,2016,95.754875
Tokelau,TKL,2017,96.66385
Tokelau,TKL,2018,96.80265
Tokelau,TKL,2019,96.80265
Tokelau,TKL,2020,96.80265
Tokelau,TKL,2021,96.80265
Tokelau,TKL,2022,96.80265
Tonga,TON,2000,88.579155
Tonga,TON,2001,88.58243
Tonga,TON,2002,88.585594
Tonga,TON,2003,88.588875
Tonga,TON,2004,88.592155
Tonga,TON,2005,89.164734
Tonga,TON,2006,89.73704
Tonga,TON,2007,90.310295
Tonga,TON,2008,90.88395
Tonga,TON,2009,91.4569
Tonga,TON,2010,92.02916
Tonga,TON,2011,92.32612
Tonga,TON,2012,92.61481
Tonga,TON,2013,92.897156
Tonga,TON,2014,93.17622
Tonga,TON,2015,93.45211
Tonga,TON,2016,93.724754
Tonga,TON,2017,93.994156
Tonga,TON,2018,94.2608
Tonga,TON,2019,94.52446
Tonga,TON,2020,94.784966
Tonga,TON,2021,95.042046
Tonga,TON,2022,95.29554
Trinidad and Tobago,TTO,2000,90.04467
Trinidad and Tobago,TTO,2001,90.29626
Trinidad and Tobago,TTO,2002,90.548195
Trinidad and Tobago,TTO,2003,90.800476
Trinidad and Tobago,TTO,2004,91.0531
Trinidad and Tobago,TTO,2005,91.306076
Trinidad and Tobago,TTO,2006,91.5594
Trinidad and Tobago,TTO,2007,91.813065
Trinidad and Tobago,TTO,2008,92.067085
Trinidad and Tobago,TTO,2009,92.32145
Trinidad and Tobago,TTO,2010,92.57616
Trinidad and Tobago,TTO,2011,92.831215
Trinidad and Tobago,TTO,2012,93.08662
Trinidad and Tobago,TTO,2013,93.34237
Trinidad and Tobago,TTO,2014,93.45694
Trinidad and Tobago,TTO,2015,93.5715
Trinidad and Tobago,TTO,2016,93.68607
Trinidad and Tobago,TTO,2017,93.800644
Trinidad and Tobago,TTO,2018,93.915215
Trinidad and Tobago,TTO,2019,93.915215
Trinidad and Tobago,TTO,2020,93.915215
Trinidad and Tobago,TTO,2021,93.915215
Trinidad and Tobago,TTO,2022,93.915215
Tunisia,TUN,2000,76.515076
Tunisia,TUN,2001,77.24806
Tunisia,TUN,2002,78.3301
Tunisia,TUN,2003,79.41239
Tunisia,TUN,2004,80.487976
Tunisia,TUN,2005,81.53565
Tunisia,TUN,2006,82.58657
Tunisia,TUN,2007,83.639725
Tunisia,TUN,2008,84.69518
Tunisia,TUN,2009,85.75264
Tunisia,TUN,2010,86.811554
Tunisia,TUN,2011,87.87215
Tunisia,TUN,2012,88.93387
Tunisia,TUN,2013,89.99605
Tunisia,TUN,2014,91.05903
Tunisia,TUN,2015,92.1234
Tunisia,TUN,2016,93.18816
Tunisia,TUN,2017,94.2525
Tunisia,TUN,2018,95.31563
Tunisia,TUN,2019,96.37657
Tunisia,TUN,2020,97.43446
Tunisia,TUN,2021,97.43598
Tunisia,TUN,2022,97.43753
Turkey,TUR,2000,86.53613
Turkey,TUR,2001,86.695984
Turkey,TUR,2002,87.490776
Turkey,TUR,2003,88.26962
Turkey,TUR,2004,89.032906
Turkey,TUR,2005,89.78012
Turkey,TUR,2006,90.512115
Turkey,TUR,2007,91.22864
Turkey,TUR,2008,91.93026
Turkey,TUR,2009,92.616615
Turkey,TUR,2010,93.288246
Turkey,TUR,2011,93.945206
Turkey,TUR,2012,94.58796
Turkey,TUR,2013,95.21548
Turkey,TUR,2014,95.8287
Turkey,TUR,2015,96.42791
Turkey,TUR,2016,97.013596
Turkey,TUR,2017,97.586
Turkey,TUR,2018,98.14568
Turkey,TUR,2019,98.69299
Turkey,TUR,2020,99.224945
Turkey,TUR,2021,99.236984
Turkey,TUR,2022,99.24875
Turkmenistan,TKM,2000,92.96776
Turkmenistan,TKM,2001,93.025375
Turkmenistan,TKM,2002,93.08243
Turkmenistan,TKM,2003,93.138985
Turkmenistan,TKM,2004,93.19504
Turkmenistan,TKM,2005,93.56922
Turkmenistan,TKM,2006,93.94447
Turkmenistan,TKM,2007,94.320915
Turkmenistan,TKM,2008,94.69889
Turkmenistan,TKM,2009,95.078415
Turkmenistan,TKM,2010,95.45978
Turkmenistan,TKM,2011,95.84313
Turkmenistan,TKM,2012,96.22862
Turkmenistan,TKM,2013,96.616425
Turkmenistan,TKM,2014,97.006775
Turkmenistan,TKM,2015,97.39979
Turkmenistan,TKM,2016,97.79566
Turkmenistan,TKM,2017,98.19457
Turkmenistan,TKM,2018,98.59668
Turkmenistan,TKM,2019,99.00214
Turkmenistan,TKM,2020,99.41114
Turkmenistan,TKM,2021,99.81926
Turkmenistan,TKM,2022,99.81821
Turks and Caicos Islands,TCA,2016,93.12093
Turks and Caicos Islands,TCA,2017,93.12589
Turks and Caicos Islands,TCA,2018,93.13054
Turks and Caicos Islands,TCA,2019,93.134865
Turks and Caicos Islands,TCA,2020,93.138916
Turks and Caicos Islands,TCA,2021,93.1427
Turks and Caicos Islands,TCA,2022,93.14622
Tuvalu,TUV,2000,80.28567
Tuvalu,TUV,2001,80.686646
Tuvalu,TUV,2002,81.0852
Tuvalu,TUV,2003,81.49766
Tuvalu,TUV,2004,81.913025
Tuvalu,TUV,2005,82.32221
Tuvalu,TUV,2006,82.46542
Tuvalu,TUV,2007,82.599236
Tuvalu,TUV,2008,82.7237
Tuvalu,TUV,2009,82.83876
Tuvalu,TUV,2010,82.94455
Tuvalu,TUV,2011,83.041145
Tuvalu,TUV,2012,83.128624
Tuvalu,TUV,2013,83.20702
Tuvalu,TUV,2014,83.276405
Tuvalu,TUV,2015,83.337105
Tuvalu,TUV,2016,83.389435
Tuvalu,TUV,2017,83.43375
Tuvalu,TUV,2018,83.47036
Tuvalu,TUV,2019,83.4996
Tuvalu,TUV,2020,83.521805
Tuvalu,TUV,2021,83.53727
Tuvalu,TUV,2022,83.54633
Uganda,UGA,2000,16.379496
Uganda,UGA,2001,16.597595
Uganda,UGA,2002,16.815155
Uganda,UGA,2003,17.032154
Uganda,UGA,2004,17.248701
Uganda,UGA,2005,17.464252
Uganda,UGA,2006,17.679443
Uganda,UGA,2007,17.89386
Uganda,UGA,2008,18.107742
Uganda,UGA,2009,18.320807
Uganda,UGA,2010,18.533295
Uganda,UGA,2011,18.74505
Uganda,UGA,2012,18.956182
Uganda,UGA,2013,19.166286
Uganda,UGA,2014,19.375847
Uganda,UGA,2015,19.584587
Uganda,UGA,2016,19.792238
Uganda,UGA,2017,19.99878
Uganda,UGA,2018,20.203947
Uganda,UGA,2019,20.40809
Uganda,UGA,2020,20.610826
Uganda,UGA,2021,20.812138
Uganda,UGA,2022,21.01213
Ukraine,UKR,2000,94.271126
Ukraine,UKR,2001,94.43126
Ukraine,UKR,2002,94.59595
Ukraine,UKR,2003,94.76325
Ukraine,UKR,2004,94.9845
Ukraine,UKR,2005,95.20603
Ukraine,UKR,2006,95.425316
Ukraine,UKR,2007,95.64326
Ukraine,UKR,2008,95.85991
Ukraine,UKR,2009,96.07522
Ukraine,UKR,2010,96.28588
Ukraine,UKR,2011,96.49601
Ukraine,UKR,2012,96.70564
Ukraine,UKR,2013,96.91479
Ukraine,UKR,2014,97.123436
Ukraine,UKR,2015,97.27865
Ukraine,UKR,2016,97.43326
Ukraine,UKR,2017,97.58724
Ukraine,UKR,2018,97.73629
Ukraine,UKR,2019,97.7416
Ukraine,UKR,2020,97.742714
Ukraine,UKR,2021,97.74395
Ukraine,UKR,2022,97.7453
United Arab Emirates,ARE,2000,99.16086
United Arab Emirates,ARE,2001,99.15687
United Arab Emirates,ARE,2002,99.15295
United Arab Emirates,ARE,2003,99.14909
United Arab Emirates,ARE,2004,99.145294
United Arab Emirates,ARE,2005,99.14157
United Arab Emirates,ARE,2006,99.1379
United Arab Emirates,ARE,2007,99.13432
United Arab Emirates,ARE,2008,99.13087
United Arab Emirates,ARE,2009,99.12749
United Arab Emirates,ARE,2010,99.1242
United Arab Emirates,ARE,2011,99.121
United Arab Emirates,ARE,2012,99.1179
United Arab Emirates,ARE,2013,99.114876
United Arab Emirates,ARE,2014,99.11194
United Arab Emirates,ARE,2015,99.10909
United Arab Emirates,ARE,2016,99.10632
United Arab Emirates,ARE,2017,99.10363
United Arab Emirates,ARE,2018,99.10102
United Arab Emirates,ARE,2019,99.09848
United Arab Emirates,ARE,2020,99.096016
United Arab Emirates,ARE,2021,99.09363
United Arab Emirates,ARE,2022,99.09131
United Kingdom,GBR,2000,99.12999
United Kingdom,GBR,2001,99.12955
United Kingdom,GBR,2002,99.12825
United Kingdom,GBR,2003,99.12697
United Kingdom,GBR,2004,99.125694
United Kingdom,GBR,2005,99.12445
United Kingdom,GBR,2006,99.1232
United Kingdom,GBR,2007,99.12197
United Kingdom,GBR,2008,99.12076
United Kingdom,GBR,2009,99.11955
United Kingdom,GBR,2010,99.11837
United Kingdom,GBR,2011,99.11719
United Kingdom,GBR,2012,99.11602
United Kingdom,GBR,2013,99.11486
United Kingdom,GBR,2014,99.1137
United Kingdom,GBR,2015,99.112564
United Kingdom,GBR,2016,99.11142
United Kingdom,GBR,2017,99.1103
United Kingdom,GBR,2018,99.10918
United Kingdom,GBR,2019,99.10806
United Kingdom,GBR,2020,99.106964
United Kingdom,GBR,2021,99.10587
United Kingdom,GBR,2022,99.10479
United States,USA,2000,99.87273
United States,USA,2001,99.872444
United States,USA,2002,99.87216
United States,USA,2003,99.87189
United States,USA,2004,99.871605
United States,USA,2005,99.87133
United States,USA,2006,99.871056
United States,USA,2007,99.87078
United States,USA,2008,99.87051
United States,USA,2009,99.87024
United States,USA,2010,99.87054
United States,USA,2011,99.848
United States,USA,2012,99.825905
United States,USA,2013,99.80424
United States,USA,2014,99.78304
United States,USA,2015,99.76232
United States,USA,2016,99.74208
United States,USA,2017,99.72235
United States,USA,2018,99.70313
United States,USA,2019,99.68443
United States,USA,2020,99.666275
United States,USA,2021,99.64867
United States,USA,2022,99.631615
United States Virgin Islands,VIR,2000,99.070435
United States Virgin Islands,VIR,2001,99.07217
United States Virgin Islands,VIR,2002,99.0739
United States Virgin Islands,VIR,2003,99.07563
United States Virgin Islands,VIR,2004,99.07736
United States Virgin Islands,VIR,2005,99.079094
United States Virgin Islands,VIR,2006,99.080826
United States Virgin Islands,VIR,2007,99.08256
United States Virgin Islands,VIR,2008,99.08429
United States Virgin Islands,VIR,2009,99.08602
United States Virgin Islands,VIR,2010,99.08775
United States Virgin Islands,VIR,2011,99.089485
United States Virgin Islands,VIR,2012,99.091225
United States Virgin Islands,VIR,2013,99.09296
United States Virgin Islands,VIR,2014,99.09469
United States Virgin Islands,VIR,2015,99.09642
United States Virgin Islands,VIR,2016,99.09815
United States Virgin Islands,VIR,2017,99.099884
United States Virgin Islands,VIR,2018,99.101616
United States Virgin Islands,VIR,2019,99.10335
United States Virgin Islands,VIR,2020,99.10508
United States Virgin Islands,VIR,2021,99.10681
United States Virgin Islands,VIR,2022,99.10854
Upper-middle-income countries,,2000,63.77284
Upper-middle-income countries,,2001,64.55441
Upper-middle-income countries,,2002,66.1042
Upper-middle-income countries,,2003,67.641365
Upper-middle-income countries,,2004,69.16794
Upper-middle-income countries,,2005,70.69711
Upper-middle-income countries,,2006,72.2069
Upper-middle-income countries,,2007,73.69221
Upper-middle-income countries,,2008,75.16262
Upper-middle-income countries,,2009,76.61728
Upper-middle-income countries,,2010,78.05533
Upper-middle-income countries,,2011,79.466034
Upper-middle-income countries,,2012,80.859184
Upper-middle-income countries,,2013,82.23874
Upper-middle-income countries,,2014,83.59989
Upper-middle-income countries,,2015,84.94156
Upper-middle-income countries,,2016,86.26174
Upper-middle-income countries,,2017,87.4425
Upper-middle-income countries,,2018,88.66912
Upper-middle-income countries,,2019,89.9223
Upper-middle-income countries,,2020,91.1326
Upper-middle-income countries,,2021,92.3115
Upper-middle-income countries,,2022,93.32619
Uruguay,URY,2000,93.3771
Uruguay,URY,2001,93.40113
Uruguay,URY,2002,93.424385
Uruguay,URY,2003,93.44702
Uruguay,URY,2004,93.46888
Uruguay,URY,2005,93.61163
Uruguay,URY,2006,93.923805
Uruguay,URY,2007,94.233086
Uruguay,URY,2008,94.53966
Uruguay,URY,2009,94.84359
Uruguay,URY,2010,95.145096
Uruguay,URY,2011,95.44424
Uruguay,URY,2012,95.73861
Uruguay,URY,2013,96.031075
Uruguay,URY,2014,96.32264
Uruguay,URY,2015,96.61332
Uruguay,URY,2016,96.90315
Uruguay,URY,2017,97.192154
Uruguay,URY,2018,97.480354
Uruguay,URY,2019,97.7678
Uruguay,URY,2020,98.05453
Uruguay,URY,2021,98.32588
Uruguay,URY,2022,98.32483
Uzbekistan,UZB,2000,93.37662
Uzbekistan,UZB,2001,93.53769
Uzbekistan,UZB,2002,93.6957
Uzbekistan,UZB,2003,93.850586
Uzbekistan,UZB,2004,94.00229
Uzbekistan,UZB,2005,94.15081
Uzbekistan,UZB,2006,94.29619
Uzbekistan,UZB,2007,94.438385
Uzbekistan,UZB,2008,94.577385
Uzbekistan,UZB,2009,94.71318
Uzbekistan,UZB,2010,94.84581
Uzbekistan,UZB,2011,94.970184
Uzbekistan,UZB,2012,95.0891
Uzbekistan,UZB,2013,95.20868
Uzbekistan,UZB,2014,95.32891
Uzbekistan,UZB,2015,95.4498
Uzbekistan,UZB,2016,95.57135
Uzbekistan,UZB,2017,95.69356
Uzbekistan,UZB,2018,95.81627
Uzbekistan,UZB,2019,95.93922
Uzbekistan,UZB,2020,96.06212
Uzbekistan,UZB,2021,96.1847
Uzbekistan,UZB,2022,96.306694
Vanuatu,VUT,2000,55.446
Vanuatu,VUT,2001,55.500122
Vanuatu,VUT,2002,55.554626
Vanuatu,VUT,2003,55.609905
Vanuatu,VUT,2004,55.665573
Vanuatu,VUT,2005,55.239838
Vanuatu,VUT,2006,54.80689
Vanuatu,VUT,2007,54.3665
Vanuatu,VUT,2008,53.918804
Vanuatu,VUT,2009,53.463734
Vanuatu,VUT,2010,52.982628
Vanuatu,VUT,2011,52.485065
Vanuatu,VUT,2012,51.98299
Vanuatu,VUT,2013,51.476265
Vanuatu,VUT,2014,50.964886
Vanuatu,VUT,2015,50.448864
Vanuatu,VUT,2016,49.9283
Vanuatu,VUT,2017,49.403084
Vanuatu,VUT,2018,48.87404
Vanuatu,VUT,2019,48.34087
Vanuatu,VUT,2020,47.803497
Vanuatu,VUT,2021,47.26155
Vanuatu,VUT,2022,46.71493
Venezuela,VEN,2000,86.39916
Venezuela,VEN,2001,86.94445
Venezuela,VEN,2002,87.489746
Venezuela,VEN,2003,88.035034
Venezuela,VEN,2004,88.58033
Venezuela,VEN,2005,89.12562
Venezuela,VEN,2006,89.67091
Venezuela,VEN,2007,90.2162
Venezuela,VEN,2008,90.7615
Venezuela,VEN,2009,91.306786
Venezuela,VEN,2010,91.85208
Venezuela,VEN,2011,92.39737
Venezuela,VEN,2012,92.942665
Venezuela,VEN,2013,93.48795
Venezuela,VEN,2014,94.03325
Venezuela,VEN,2015,94.578545
Venezuela,VEN,2016,95.12383
Venezuela,VEN,2017,95.66913
Venezuela,VEN,2018,96.21442
Venezuela,VEN,2019,96.75971
Venezuela,VEN,2020,96.98606
Venezuela,VEN,2021,97.00236
Venezuela,VEN,2022,98.395584
Vietnam,VNM,2000,49.959778
Vietnam,VNM,2001,51.872295
Vietnam,VNM,2002,53.77333
Vietnam,VNM,2003,55.66102
Vietnam,VNM,2004,57.536083
Vietnam,VNM,2005,59.52866
Vietnam,VNM,2006,61.51574
Vietnam,VNM,2007,63.49686
Vietnam,VNM,2008,65.471275
Vietnam,VNM,2009,67.439095
Vietnam,VNM,2010,69.40269
Vietnam,VNM,2011,71.35788
Vietnam,VNM,2012,73.30447
Vietnam,VNM,2013,75.24109
Vietnam,VNM,2014,77.16825
Vietnam,VNM,2015,79.085266
Vietnam,VNM,2016,80.991516
Vietnam,VNM,2017,82.88576
Vietnam,VNM,2018,84.76794
Vietnam,VNM,2019,86.6378
Vietnam,VNM,2020,88.49511
Vietnam,VNM,2021,90.339264
Vietnam,VNM,2022,92.17034
Wallis and Futuna,WLF,2000,95.474686
Wallis and Futuna,WLF,2001,95.474686
Wallis and Futuna,WLF,2002,95.474686
Wallis and Futuna,WLF,2003,95.474686
Wallis and Futuna,WLF,2004,95.474686
Wallis and Futuna,WLF,2005,95.39226
Wallis and Futuna,WLF,2006,95.30982
Wallis and Futuna,WLF,2007,95.22739
Wallis and Futuna,WLF,2008,95.14495
Wallis and Futuna,WLF,2009,95.062515
Wallis and Futuna,WLF,2010,94.98009
Wallis and Futuna,WLF,2011,94.89765
Wallis and Futuna,WLF,2012,94.815216
Wallis and Futuna,WLF,2013,94.73278
Wallis and Futuna,WLF,2014,94.650345
Wallis and Futuna,WLF,2015,94.56792
Wallis and Futuna,WLF,2016,94.48548
Wallis and Futuna,WLF,2017,94.403046
Wallis and Futuna,WLF,2018,94.32061
Wallis and Futuna,WLF,2019,94.238174
Wallis and Futuna,WLF,2020,94.15574
Wallis and Futuna,WLF,2021,94.15574
Wallis and Futuna,WLF,2022,94.15574
Western Pacific (WHO),,2000,62.046616
Western Pacific (WHO),,2001,62.731552
Western Pacific (WHO),,2002,64.48437
Western Pacific (WHO),,2003,66.21465
Western Pacific (WHO),,2004,67.92168
Western Pacific (WHO),,2005,69.60974
Western Pacific (WHO),,2006,71.265686
Western Pacific (WHO),,2007,72.92426
Western Pacific (WHO),,2008,74.55999
Western Pacific (WHO),,2009,76.17104
Western Pacific (WHO),,2010,77.75729
Western Pacific (WHO),,2011,79.31104
Western Pacific (WHO),,2012,80.83793
Western Pacific (WHO),,2013,82.341896
Western Pacific (WHO),,2014,83.82371
Western Pacific (WHO),,2015,85.28233
Western Pacific (WHO),,2016,86.716835
Western Pacific (WHO),,2017,88.127045
Western Pacific (WHO),,2018,89.5133
Western Pacific (WHO),,2019,90.87307
Western Pacific (WHO),,2020,92.20182
Western Pacific (WHO),,2021,93.50562
Western Pacific (WHO),,2022,94.78499
World,OWID_WRL,2000,55.540985
World,OWID_WRL,2001,56.303047
World,OWID_WRL,2002,57.497303
World,OWID_WRL,2003,58.655506
World,OWID_WRL,2004,59.82464
World,OWID_WRL,2005,61.018642
World,OWID_WRL,2006,62.22552
World,OWID_WRL,2007,63.44571
World,OWID_WRL,2008,64.668106
World,OWID_WRL,2009,65.883286
World,OWID_WRL,2010,67.0905
World,OWID_WRL,2011,68.19797
World,OWID_WRL,2012,69.388054
World,OWID_WRL,2013,70.57886
World,OWID_WRL,2014,71.76843
World,OWID_WRL,2015,72.95581
World,OWID_WRL,2016,74.13306
World,OWID_WRL,2017,75.23832
World,OWID_WRL,2018,76.334274
World,OWID_WRL,2019,77.42786
World,OWID_WRL,2020,78.47942
World,OWID_WRL,2021,79.83035
World,OWID_WRL,2022,80.77117
Yemen,YEM,2000,45.238716
Yemen,YEM,2001,45.54814
Yemen,YEM,2002,45.862324
Yemen,YEM,2003,46.51754
Yemen,YEM,2004,47.166363
Yemen,YEM,2005,47.626785
Yemen,YEM,2006,48.07615
Yemen,YEM,2007,48.513733
Yemen,YEM,2008,48.93941
Yemen,YEM,2009,49.353046
Yemen,YEM,2010,49.754513
Yemen,YEM,2011,50.14319
Yemen,YEM,2012,50.518997
Yemen,YEM,2013,50.882317
Yemen,YEM,2014,51.232113
Yemen,YEM,2015,51.56879
Yemen,YEM,2016,52.097813
Yemen,YEM,2017,52.617405
Yemen,YEM,2018,53.127018
Yemen,YEM,2019,53.626938
Yemen,YEM,2020,54.11664
Yemen,YEM,2021,54.595604
Yemen,YEM,2022,54.844757
Zambia,ZMB,2000,19.944962
Zambia,ZMB,2001,20.720963
Zambia,ZMB,2002,21.59961
Zambia,ZMB,2003,22.473682
Zambia,ZMB,2004,23.342724
Zambia,ZMB,2005,24.205933
Zambia,ZMB,2006,25.063202
Zambia,ZMB,2007,25.913755
Zambia,ZMB,2008,26.757732
Zambia,ZMB,2009,27.59351
Zambia,ZMB,2010,28.421776
Zambia,ZMB,2011,29.241505
Zambia,ZMB,2012,30.05341
Zambia,ZMB,2013,30.857029
Zambia,ZMB,2014,31.651222
Zambia,ZMB,2015,32.43571
Zambia,ZMB,2016,33.209393
Zambia,ZMB,2017,33.971756
Zambia,ZMB,2018,34.72207
Zambia,ZMB,2019,35.45947
Zambia,ZMB,2020,36.183254
Zambia,ZMB,2021,36.242
Zambia,ZMB,2022,36.30137
Zimbabwe,ZWE,2000,44.51701
Zimbabwe,ZWE,2001,44.632782
Zimbabwe,ZWE,2002,44.820972
Zimbabwe,ZWE,2003,44.8626
Zimbabwe,ZWE,2004,44.88169
Zimbabwe,ZWE,2005,44.25559
Zimbabwe,ZWE,2006,43.631374
Zimbabwe,ZWE,2007,43.00932
Zimbabwe,ZWE,2008,42.389175
Zimbabwe,ZWE,2009,41.7712
Zimbabwe,ZWE,2010,41.155167
Zimbabwe,ZWE,2011,40.54131
Zimbabwe,ZWE,2012,39.929424
Zimbabwe,ZWE,2013,39.31972
Zimbabwe,ZWE,2014,38.717087
Zimbabwe,ZWE,2015,38.120647
Zimbabwe,ZWE,2016,37.52919
Zimbabwe,ZWE,2017,36.941673
Zimbabwe,ZWE,2018,36.35716
Zimbabwe,ZWE,2019,35.774334
Zimbabwe,ZWE,2020,35.19236
Zimbabwe,ZWE,2021,34.60995
Zimbabwe,ZWE,2022,34.61786